path,filename,archive,market_start,market_end,complete,line_count,book_messages_total,in_window_book_messages,trade_count_window,snapshots,deltas,sequence_breaks,first_book_age,last_book_age,sampled_points,outcome,outcome_source,final_quote_proxy,final_trade_proxy,elapsed_seconds,fatal_error,raw_status,raw_leader,raw_leader_time,raw_pullback_time,raw_confirm_time,raw_entry_side,raw_up_ask_at_entry,raw_down_ask_at_entry,raw_entry_levels,raw_flat_cash_budget,raw_flat_total_debit,raw_flat_principal,raw_flat_fee,raw_flat_shares,raw_flat_avg_price,raw_flat_effective_cost_per_share,raw_flat_worst_price,raw_flat_levels_used,raw_flat_fill_ratio,raw_flat_win,raw_flat_pnl,sampled_status,sampled_leader,sampled_leader_time,sampled_pullback_time,sampled_confirm_time,sampled_entry_side,sampled_up_ask_at_entry,sampled_down_ask_at_entry,sampled_entry_levels,sampled_flat_cash_budget,sampled_flat_total_debit,sampled_flat_principal,sampled_flat_fee,sampled_flat_shares,sampled_flat_avg_price,sampled_flat_effective_cost_per_share,sampled_flat_worst_price,sampled_flat_levels_used,sampled_flat_fill_ratio,sampled_flat_win,sampled_flat_pnl,market_start_utc,market_end_utc
zip:///Users/bradamanka/Downloads/Stratgey testing/polymarket-btc-5m_2026-08-09.zip::polymarket-btc-updown-5m-1786234800-2026-08-09.txt.zst,polymarket-btc-updown-5m-1786234800-2026-08-09.txt.zst,polymarket-btc-5m_2026-08-09.zip,1786234800,1786235100,True,78507,77182,74035,1271,1365,75817,0,0.0,300.0,301,UP,quotes+trades,0.99,0.99,1.940608024597168,,trade,DOWN,69.253,69.256,184.756,DOWN,0.26,0.76,"[[0.76,22.76],[0.77,36.0],[0.78,64.0],[0.79,50.0],[0.8,88.5],[0.81,47.0],[0.82,44.0],[0.83,50.0]]",300.0,299.99999999999994,295.76664073525046,4.233359264749481,371.9937840183741,0.7950849004526418,0.8064650886348732,0.83,8.0,0.9999999999999998,False,-299.99999999999994,trade,DOWN,70.0,71.0,185.0,DOWN,0.25,0.76,"[[0.76,22.76],[0.77,36.0],[0.78,64.0],[0.79,50.0],[0.8,88.5],[0.81,47.0],[0.82,44.0],[0.83,50.0]]",300.0,299.99999999999994,295.76664073525046,4.233359264749481,371.9937840183741,0.7950849004526418,0.8064650886348732,0.83,8.0,0.9999999999999998,False,-299.99999999999994,2026-08-09T00:20:00+00:00,2026-08-09T00:25:00+00:00
zip:///Users/bradamanka/Downloads/Stratgey testing/polymarket-btc-5m_2026-08-09.zip::polymarket-btc-updown-5m-1786243200-2026-08-09.txt.zst,polymarket-btc-updown-5m-1786243200-2026-08-09.txt.zst,polymarket-btc-5m_2026-08-09.zip,1786243200,1786243500,True,75635,74565,69889,998,1081,73484,0,0.0,300.0,301,DOWN,quotes+trades,0.001,0.001,1.4502050876617432,,leader_confirm_too_soon_after_pullback,DOWN,0.428,0.488,15.464,,,,,,,,,,,,,,,,,trade,DOWN,16.0,17.0,186.0,DOWN,0.08,0.9299999999999999,"[[0.93,30.63],[0.94,280.0],[0.95,390.0]]",300.0,300.0,298.7303236073742,1.2696763926258106,318.0451827446044,0.9392700780104557,0.94326220385141,0.95,3.0,1.0,True,18.045182744604404,2026-08-09T02:40:00+00:00,2026-08-09T02:45:00+00:00
zip:///Users/bradamanka/Downloads/Stratgey testing/polymarket-btc-5m_2026-08-09.zip::polymarket-btc-updown-5m-1786255800-2026-08-09.txt.zst,polymarket-btc-updown-5m-1786255800-2026-08-09.txt.zst,polymarket-btc-5m_2026-08-09.zip,1786255800,1786256100,True,87032,85291,81440,1694,1785,83506,0,0.001,299.994,301,UP,quotes+trades,0.99,0.99,3.267838954925537,,trade,UP,52.794,65.876,217.469,UP,0.76,0.26,"[[0.76,23.51],[0.77,30.0],[0.78,10.0],[0.79,135.0],[0.8,40.0],[0.81,10.0],[0.82,10.0],[0.83,25.0],[0.84,135.0]]",300.0,300.0,295.9336446202532,4.066355379746836,368.58862454792046,0.8028832820959146,0.813915514533186,0.84,9.0,1.0,True,68.58862454792046,trade,UP,53.0,66.0,218.0,UP,0.79,0.21999999999999997,"[[0.79,134.35],[0.8,40.0],[0.81,10.0],[0.82,10.0],[0.83,60.0],[0.84,135.0]]",300.0,300.00000000000006,296.15859597507915,3.8414040249208874,363.78106663699896,0.8141121766257361,0.8246718356548137,0.84,6.0,1.0000000000000002,True,63.7810666369989,2026-08-09T06:10:00+00:00,2026-08-09T06:15:00+00:00
zip:///Users/bradamanka/Downloads/Stratgey testing/polymarket-btc-5m_2026-08-09.zip::polymarket-btc-updown-5m-1786289100-2026-08-09.txt.zst,polymarket-btc-updown-5m-1786289100-2026-08-09.txt.zst,polymarket-btc-5m_2026-08-09.zip,1786289100,1786289400,True,91140,89366,81469,1661,1824,87542,0,0.0,300.0,301,DOWN,quotes+trades,0.001,0.01,1.576791763305664,,leader_confirm_too_soon_after_pullback,DOWN,5.446,5.563,7.349,,,,,,,,,,,,,,,,,trade,DOWN,14.0,15.0,183.0,DOWN,0.25,0.76,"[[0.76,18.03],[0.77,15.0],[0.78,15.0],[0.79,25.0],[0.8,77.5],[0.81,51.44],[0.82,25.0],[0.83,289.84]]",300.0,300.00000000000006,296.06207463188065,3.9379253681193807,365.7565959420249,0.8094510882827898,0.8202176073608042,0.83,8.0,1.0000000000000002,True,65.75659594202483,2026-08-09T15:25:00+00:00,2026-08-09T15:30:00+00:00
zip:///Users/bradamanka/Downloads/Stratgey testing/polymarket-btc-5m_2026-08-09.zip::polymarket-btc-updown-5m-1786295100-2026-08-09.txt.zst,polymarket-btc-updown-5m-1786295100-2026-08-09.txt.zst,polymarket-btc-5m_2026-08-09.zip,1786295100,1786295400,True,89837,88872,81643,911,980,87892,0,0.0,300.0,301,DOWN,quotes+trades,0.01,0.01,2.1653940677642822,,leader_confirm_too_soon_after_pullback,DOWN,186.95,192.441,219.792,,,,,,,,,,,,,,,,,trade,DOWN,187.0,193.0,237.0,DOWN,0.24,0.77,"[[0.77,157.65],[0.78,20.11],[0.79,10.0],[0.8,17.5],[0.81,10.0],[0.82,10.0],[0.83,76.0],[0.84,45.0],[0.85,56.67]]",300.0,300.0,295.8995554477981,4.100444552201881,369.48735935035074,0.8008381016553908,0.8119357602042827,0.85,9.0,1.0,True,69.48735935035074,2026-08-09T17:05:00+00:00,2026-08-09T17:10:00+00:00
zip:///Users/bradamanka/Downloads/Stratgey testing/polymarket-btc-5m_2026-08-09.zip::polymarket-btc-updown-5m-1786308300-2026-08-09.txt.zst,polymarket-btc-updown-5m-1786308300-2026-08-09.txt.zst,polymarket-btc-5m_2026-08-09.zip,1786308300,1786308600,True,89342,88025,80124,1275,1367,86658,0,0.0,299.984,301,DOWN,quotes+trades,0.01,0.01,1.4423840045928955,,leader_confirm_too_soon_after_pullback,DOWN,39.463,39.535,39.938,,,,,,,,,,,,,,,,,trade,DOWN,40.0,175.0,227.0,DOWN,0.25,0.76,"[[0.76,10.0],[0.77,10.0],[0.78,10.0],[0.79,28.0],[0.8,47.46],[0.81,67.46],[0.82,48.29],[0.83,53.29],[0.84,123.29]]",300.0,300.00000000000006,296.18480194818045,3.815198051819621,363.2210737478338,0.8154394757221788,0.8259432661891061,0.84,9.0,1.0000000000000002,True,63.22107374783377,2026-08-09T20:45:00+00:00,2026-08-09T20:50:00+00:00
zip:///Users/bradamanka/Downloads/Stratgey testing/polymarket-btc-5m_2026-08-09.zip::polymarket-btc-updown-5m-1786310400-2026-08-09.txt.zst,polymarket-btc-updown-5m-1786310400-2026-08-09.txt.zst,polymarket-btc-5m_2026-08-09.zip,1786310400,1786310700,True,95962,94631,86145,1288,1389,93242,0,0.0,299.99,301,UP,quotes+trades,0.99,0.99,1.7949507236480713,,leader_confirm_too_soon_after_pullback,UP,128.535,128.564,128.953,,,,,,,,,,,,,,,,,trade,UP,129.0,136.0,219.0,UP,0.76,0.25,"[[0.76,25.42],[0.77,30.0],[0.78,30.0],[0.79,30.0],[0.8,15.0],[0.81,36.0],[0.82,131.1],[0.83,50.0],[0.84,51.0]]",300.0,299.99999999999994,296.0077172468354,3.9922827531645573,366.95633005575644,0.8066565228670646,0.8175359720717096,0.84,9.0,0.9999999999999998,True,66.9563300557565,2026-08-09T21:20:00+00:00,2026-08-09T21:25:00+00:00
zip:///Users/bradamanka/Downloads/Stratgey testing/polymarket-btc-5m_2026-08-09.zip::polymarket-btc-updown-5m-1786311000-2026-08-09.txt.zst,polymarket-btc-updown-5m-1786311000-2026-08-09.txt.zst,polymarket-btc-5m_2026-08-09.zip,1786311000,1786311300,True,114480,112728,105688,1706,1799,110929,0,0.002,299.992,301,UP,quotes+trades,0.99,0.99,2.156531810760498,,opposite_confirmed_first,UP,29.076,29.091,181.209,,,,,,,,,,,,,,,,,trade,DOWN,181.0,183.0,252.0,DOWN,0.16,0.85,"[[0.85,24.45],[0.86,50.0],[0.87,46.59],[0.88,230.0]]",300.0,300.0,297.36987647758826,2.630123522411742,340.4196323608958,0.8735391505338672,0.8812652722741768,0.88,4.0,1.0,False,-300.0,2026-08-09T21:30:00+00:00,2026-08-09T21:35:00+00:00
zip:///Users/bradamanka/Downloads/Stratgey testing/polymarket-btc-5m_2026-08-10.zip::polymarket-btc-updown-5m-1786320900-2026-08-10.txt.zst,polymarket-btc-updown-5m-1786320900-2026-08-10.txt.zst,polymarket-btc-5m_2026-08-10.zip,1786320900,1786321200,True,153744,151879,144059,1770,1927,149952,0,0.001,299.995,301,DOWN,quotes+trades,0.01,0.01,4.248394012451172,,trade,DOWN,56.345,57.088,232.409,DOWN,0.33,0.76,"[[0.76,93.0],[0.77,117.0],[0.78,31.2],[0.79,165.0]]",300.0,300.0,295.3665229131763,4.633477086823692,380.77028216857764,0.775707918251901,0.7878766123538539,0.79,4.0,1.0,True,80.77028216857764,trade,DOWN,57.0,58.0,233.0,DOWN,0.22,0.79,"[[0.79,51.96],[0.8,92.0],[0.81,89.3],[0.82,96.3],[0.83,71.0]]",300.0,300.00000000000006,296.05095570708573,3.9490442929143197,365.82934422540444,0.8092597282865177,0.8200545000981554,0.83,5.0,1.0000000000000002,True,65.82934422540438,2026-08-10T00:15:00+00:00,2026-08-10T00:20:00+00:00
zip:///Users/bradamanka/Downloads/Stratgey testing/polymarket-btc-5m_2026-08-10.zip::polymarket-btc-updown-5m-1786330500-2026-08-10.txt.zst,polymarket-btc-updown-5m-1786330500-2026-08-10.txt.zst,polymarket-btc-5m_2026-08-10.zip,1786330500,1786330800,True,114394,112591,105657,1739,1884,110707,0,0.0,299.991,301,DOWN,quotes+trades,0.01,0.01,3.327285051345825,,trade,DOWN,113.844,120.924,278.297,DOWN,0.26,0.76,"[[0.76,10.0],[0.77,10.0],[0.78,10.0],[0.79,10.0],[0.8,44.25],[0.81,60.0],[0.82,10.0],[0.83,60.0],[0.84,380.0]]",300.0,300.00000000000006,296.29329509493675,3.7067049050632925,361.02773225587714,0.82069400387486,0.8309610957735959,0.84,9.0,1.0000000000000002,True,61.02773225587708,trade,DOWN,114.0,121.0,279.0,DOWN,0.18,0.83,"[[0.83,60.0],[0.84,380.0]]",300.0,300.0,296.6427412974684,3.357258702531647,353.86040630650996,0.8383044161219882,0.847791939005867,0.84,2.0,1.0,True,53.86040630650996,2026-08-10T02:55:00+00:00,2026-08-10T03:00:00+00:00
zip:///Users/bradamanka/Downloads/Stratgey testing/polymarket-btc-5m_2026-08-10.zip::polymarket-btc-updown-5m-1786333200-2026-08-10.txt.zst,polymarket-btc-updown-5m-1786333200-2026-08-10.txt.zst,polymarket-btc-5m_2026-08-10.zip,1786333200,1786333500,True,114190,112749,105338,1382,1501,111248,0,0.0,299.977,301,DOWN,quotes+trades,0.01,0.01,2.955925941467285,,trade,UP,0.0,0.211,189.878,UP,0.76,0.27,"[[0.76,92.0],[0.77,15.0],[0.78,35.0],[0.79,75.0],[0.8,90.67],[0.81,65.27],[0.82,84.48]]",300.0,300.00000000000006,295.60190352557777,4.39809647442228,375.5951262507046,0.7870227350294944,0.7987324090029703,0.82,7.0,1.0000000000000002,False,-300.00000000000006,trade,UP,0.0,1.0,190.0,UP,0.76,0.25,"[[0.76,122.29],[0.77,55.01],[0.78,105.95],[0.79,80.0],[0.8,95.67]]",300.0,300.0,295.35589576923076,4.64410423076923,381.02099471153844,0.7751696097293468,0.7873581880366529,0.8,5.0,1.0,False,-300.0,2026-08-10T03:40:00+00:00,2026-08-10T03:45:00+00:00
zip:///Users/bradamanka/Downloads/Stratgey testing/polymarket-btc-5m_2026-08-10.zip::polymarket-btc-updown-5m-1786338000-2026-08-10.txt.zst,polymarket-btc-updown-5m-1786338000-2026-08-10.txt.zst,polymarket-btc-5m_2026-08-10.zip,1786338000,1786338300,True,120064,118420,110293,1560,1696,116724,0,0.0,299.982,301,UP,quotes+trades,0.99,0.99,4.130620002746582,,trade,UP,148.462,154.276,201.411,UP,0.76,0.30000000000000004,"[[0.76,124.49],[0.77,45.0],[0.78,46.77],[0.79,50.0],[0.8,70.01],[0.81,145.27]]",300.0,300.0,295.47095799861836,4.529042001381624,378.51686172668934,0.7806018380548795,0.7925670698829185,0.81,6.0,1.0,True,78.51686172668934,trade,UP,149.0,155.0,212.0,UP,0.86,0.18000000000000005,"[[0.86,1.41],[0.87,87.0],[0.88,60.0],[0.89,14.1],[0.9,87.01],[0.91,139.62]]",300.0,300.0,297.72489217927057,2.2751078207294047,334.3159254717259,0.8905495356201631,0.8973547986883799,0.91,6.0,1.0,True,34.315925471725905,2026-08-10T05:00:00+00:00,2026-08-10T05:05:00+00:00
zip:///Users/bradamanka/Downloads/Stratgey testing/polymarket-btc-5m_2026-08-10.zip::polymarket-btc-updown-5m-1786358100-2026-08-10.txt.zst,polymarket-btc-updown-5m-1786358100-2026-08-10.txt.zst,polymarket-btc-5m_2026-08-10.zip,1786358100,1786358400,True,131996,129929,121942,2020,2128,127801,0,0.0,299.997,301,DOWN,quotes+trades,0.01,0.01,4.137653112411499,,leader_confirm_too_early_in_market,DOWN,51.335,52.137,161.108,,,,,,,,,,,,,,,,,trade,DOWN,52.0,53.0,182.0,DOWN,0.25,0.76,"[[0.76,25.55],[0.77,49.56],[0.78,174.12],[0.79,290.08]]",300.0,300.00000000000006,295.46735685424267,4.532643145757366,378.438299815497,0.7807543713157316,0.7927316028696394,0.79,4.0,1.0000000000000002,True,78.43829981549692,2026-08-10T10:35:00+00:00,2026-08-10T10:40:00+00:00
zip:///Users/bradamanka/Downloads/Stratgey testing/polymarket-btc-5m_2026-08-10.zip::polymarket-btc-updown-5m-1786359300-2026-08-10.txt.zst,polymarket-btc-updown-5m-1786359300-2026-08-10.txt.zst,polymarket-btc-5m_2026-08-10.zip,1786359300,1786359600,True,106706,105020,98420,1613,1722,103298,0,0.0,300.0,301,DOWN,quotes+trades,0.01,0.01,2.898883104324341,,leader_confirm_too_soon_after_pullback,DOWN,41.178,41.191,41.585,,,,,,,,,,,,,,,,,trade,DOWN,42.0,66.0,180.0,DOWN,0.19,0.85,"[[0.85,29.05],[0.86,31.0],[0.87,47.13],[0.88,64.43],[0.89,90.06],[0.9,210.66]]",300.0,300.00000000000006,297.53459443892757,2.4654055610724925,337.5891049321417,0.8813512939013081,0.8886542711747247,0.9,6.0,1.0000000000000002,True,37.58910493214165,2026-08-10T10:55:00+00:00,2026-08-10T11:00:00+00:00
zip:///Users/bradamanka/Downloads/Stratgey testing/polymarket-btc-5m_2026-08-10.zip::polymarket-btc-updown-5m-1786378200-2026-08-10.txt.zst,polymarket-btc-updown-5m-1786378200-2026-08-10.txt.zst,polymarket-btc-5m_2026-08-10.zip,1786378200,1786378500,True,192373,189494,180379,2770,3005,186489,0,0.0,299.99,301,DOWN,quotes+trades,0.01,0.01,4.905307054519653,,trade,DOWN,113.213,120.286,220.261,DOWN,0.27,0.76,"[[0.76,65.0],[0.77,10.0],[0.78,80.0],[0.79,237.23]]",300.0,300.0,295.497979698433,4.502020301566965,377.7822527828266,0.782191268969705,0.794108240368981,0.79,4.0,1.0,True,77.78225278282662,trade,DOWN,114.0,121.0,221.0,DOWN,0.21,0.8,"[[0.8,232.0],[0.81,238.08]]",300.0,300.0,295.93415572880684,4.06584427119313,368.215007072601,0.8036993333909866,0.8147413718551916,0.81,2.0,1.0,True,68.215007072601,2026-08-10T16:10:00+00:00,2026-08-10T16:15:00+00:00
zip:///Users/bradamanka/Downloads/Stratgey testing/polymarket-btc-5m_2026-08-10.zip::polymarket-btc-updown-5m-1786382700-2026-08-10.txt.zst,polymarket-btc-updown-5m-1786382700-2026-08-10.txt.zst,polymarket-btc-5m_2026-08-10.zip,1786382700,1786383000,True,146786,144607,135659,2115,2249,142358,0,0.0,299.986,301,UP,quotes+trades,0.99,0.99,3.4874653816223145,,trade,UP,14.014,205.232,255.057,UP,0.79,0.32999999999999996,"[[0.79,5.0],[0.8,15.0],[0.81,26.0],[0.83,44.1],[0.84,60.0],[0.85,65.0],[0.86,60.0],[0.87,60.0],[0.88,898.32]]",300.0,300.0,296.81741917889724,3.182580821102737,350.73002179420143,0.8462846084874405,0.8553587698746576,0.88,9.0,1.0,True,50.730021794201434,trade,UP,15.0,206.0,256.0,UP,0.9,0.10999999999999999,"[[0.9,60.23],[0.91,32.58],[0.92,88.0],[0.93,98.2],[0.94,1592.5]]",300.0,299.99999999999994,298.3555943238398,1.6444056761601271,323.91935566365936,0.9210798586350498,0.9261564483707605,0.94,5.0,0.9999999999999998,True,23.919355663659417,2026-08-10T17:25:00+00:00,2026-08-10T17:30:00+00:00
zip:///Users/bradamanka/Downloads/Stratgey testing/polymarket-btc-5m_2026-08-10.zip::polymarket-btc-updown-5m-1786393800-2026-08-10.txt.zst,polymarket-btc-updown-5m-1786393800-2026-08-10.txt.zst,polymarket-btc-5m_2026-08-10.zip,1786393800,1786394100,True,111865,110123,102505,1659,1804,108319,0,0.0,299.984,301,DOWN,quotes+trades,0.01,0.01,2.8731799125671387,,trade,DOWN,15.127,20.062,247.521,DOWN,0.26,0.76,"[[0.76,21.41],[0.77,5.0],[0.78,5.0],[0.79,117.0],[0.8,28.5],[0.81,10.0],[0.82,16.0],[0.83,13.0],[0.84,6.0],[0.85,14.88],[0.86,16.0],[0.87,86.0],[0.88,526.0]]",300.0,299.9999999999999,296.36207334391105,3.6379266560888537,360.19053789080806,0.8227925005452347,0.8328925067180555,0.88,13.0,0.9999999999999997,True,60.19053789080817,trade,DOWN,16.0,21.0,248.0,DOWN,0.18,0.83,"[[0.83,6.0],[0.87,118.0],[0.88,81.0],[0.89,82.0],[0.9,246.0]]",300.0,300.0,297.52644885799407,2.473551142005958,337.69605428666006,0.8810480462571019,0.8883728316983502,0.9,5.0,1.0,True,37.69605428666006,2026-08-10T20:30:00+00:00,2026-08-10T20:35:00+00:00
zip:///Users/bradamanka/Downloads/Stratgey testing/polymarket-btc-5m_2026-08-10.zip::polymarket-btc-updown-5m-1786404900-2026-08-10.txt.zst,polymarket-btc-updown-5m-1786404900-2026-08-10.txt.zst,polymarket-btc-5m_2026-08-10.zip,1786404900,1786405200,True,107359,105944,98559,1359,1463,104481,0,0.0,299.98,301,DOWN,quotes+trades,0.01,0.01,2.5693161487579346,,trade,DOWN,8.149,40.659,231.618,DOWN,0.29,0.76,"[[0.76,5.0],[0.77,10.0],[0.78,38.0],[0.81,6.0],[0.82,18.5],[0.83,96.01],[0.84,121.0],[0.85,92.66]]",300.0,300.00000000000006,296.4468356061356,3.5531643938644253,357.9788654189831,0.8281126743590586,0.838038300526139,0.85,8.0,1.0000000000000002,True,57.97886541898305,trade,DOWN,9.0,41.0,232.0,DOWN,0.21,0.83,"[[0.83,87.61],[0.84,245.0],[0.85,188.3]]",300.0,300.0,296.6394232360218,3.36057676397823,353.9313214541433,0.8381270750982561,0.8476220718964235,0.85,3.0,1.0,True,53.9313214541433,2026-08-10T23:35:00+00:00,2026-08-10T23:40:00+00:00
zip:///Users/bradamanka/Downloads/Stratgey testing/polymarket-btc-5m_2026-08-11.zip::polymarket-btc-updown-5m-1786409400-2026-08-11.txt.zst,polymarket-btc-updown-5m-1786409400-2026-08-11.txt.zst,polymarket-btc-5m_2026-08-11.zip,1786409400,1786409700,True,101993,100372,93405,1565,1703,98669,0,0.0,300.0,301,UP,quotes+trades,0.99,0.99,2.54091215133667,,trade,UP,75.778,93.527,182.344,UP,0.76,0.26,"[[0.76,32.55],[0.77,48.1],[0.78,102.55],[0.79,139.09],[0.8,212.44]]",300.0,300.0,295.52668099605523,4.4733190039447726,377.141976245069,0.7835953025924124,0.7954564034130699,0.8,5.0,1.0,True,77.14197624506897,trade,UP,76.0,94.0,183.0,UP,0.76,0.25,"[[0.76,233.07],[0.77,272.73]]",300.0,300.00000000000006,295.1245022733983,4.875497726601712,386.30545749791986,0.7639666915008247,0.7765875272461442,0.77,2.0,1.0000000000000002,True,86.3054574979198,2026-08-11T00:50:00+00:00,2026-08-11T00:55:00+00:00
zip:///Users/bradamanka/Downloads/Stratgey testing/polymarket-btc-5m_2026-08-11.zip::polymarket-btc-updown-5m-1786419000-2026-08-11.txt.zst,polymarket-btc-updown-5m-1786419000-2026-08-11.txt.zst,polymarket-btc-5m_2026-08-11.zip,1786419000,1786419300,True,98777,97721,89599,941,1067,96654,0,0.0,300.0,301,DOWN,quotes+trades,0.01,0.01,2.952883005142212,,trade,DOWN,10.051,14.153,210.764,DOWN,0.27,0.76,"[[0.76,49.41],[0.77,23.3],[0.78,93.85],[0.79,219.62]]",300.0,300.0,295.5009186360501,4.499081363949935,377.70597295702544,0.7823570178745135,0.7942686149528627,0.79,4.0,1.0,True,77.70597295702544,trade,DOWN,11.0,15.0,211.0,DOWN,0.25,0.76,"[[0.76,63.09],[0.77,18.3],[0.78,79.92],[0.79,189.62],[0.8,185.42]]",300.0,300.0,295.5069239447732,4.493076055226824,377.5926549309665,0.7826077125329658,0.794506980160532,0.8,5.0,1.0,True,77.59265493096649,2026-08-11T03:30:00+00:00,2026-08-11T03:35:00+00:00
zip:///Users/bradamanka/Downloads/Stratgey testing/polymarket-btc-5m_2026-08-11.zip::polymarket-btc-updown-5m-1786438500-2026-08-11.txt.zst,polymarket-btc-updown-5m-1786438500-2026-08-11.txt.zst,polymarket-btc-5m_2026-08-11.zip,1786438500,1786438800,True,111336,109292,100492,1893,2129,107163,0,0.0,299.98,301,DOWN,quotes+trades,0.01,0.01,3.5144240856170654,,trade,DOWN,67.27,67.285,197.346,DOWN,0.26,0.76,"[[0.76,98.1],[0.77,83.66],[0.78,49.0],[0.79,782.47]]",300.0,299.99999999999994,295.3843430767714,4.61565692322854,380.3677760465461,0.7765756241155004,0.7887103453350595,0.79,4.0,0.9999999999999998,True,80.36777604654617,trade,DOWN,93.0,96.0,198.0,DOWN,0.24,0.77,"[[0.77,21.38],[0.78,36.0],[0.79,779.47]]",300.0,300.00000000000006,295.61180285798764,4.388197142012418,375.18911754175645,0.787900791992155,0.7995967526073348,0.79,3.0,1.0000000000000002,True,75.18911754175639,2026-08-11T08:55:00+00:00,2026-08-11T09:00:00+00:00
zip:///Users/bradamanka/Downloads/Stratgey testing/polymarket-btc-5m_2026-08-11.zip::polymarket-btc-updown-5m-1786438800-2026-08-11.txt.zst,polymarket-btc-updown-5m-1786438800-2026-08-11.txt.zst,polymarket-btc-5m_2026-08-11.zip,1786438800,1786439100,True,114175,112378,104812,1695,1842,110536,0,0.001,299.983,301,UP,quotes+trades,0.99,0.99,3.719813108444214,,leader_confirm_too_soon_after_pullback,UP,216.544,218.791,257.527,,,,,,,,,,,,,,,,,trade,UP,217.0,219.0,261.0,UP,0.79,0.21999999999999997,"[[0.79,68.5],[0.8,18.5],[0.81,11.6],[0.82,289.1]]",300.0,300.0,296.12785038514716,3.872149614852855,364.23030534774045,0.8130236447580218,0.8236546920871451,0.82,4.0,1.0,True,64.23030534774045,2026-08-11T09:00:00+00:00,2026-08-11T09:05:00+00:00
zip:///Users/bradamanka/Downloads/Stratgey testing/polymarket-btc-5m_2026-08-11.zip::polymarket-btc-updown-5m-1786451100-2026-08-11.txt.zst,polymarket-btc-updown-5m-1786451100-2026-08-11.txt.zst,polymarket-btc-5m_2026-08-11.zip,1786451100,1786451400,True,132072,128775,119127,3102,3529,125246,0,0.0,299.983,301,UP,quotes+trades,0.99,0.99,3.3083317279815674,,trade,UP,35.852,36.426,198.595,UP,0.76,0.28,"[[0.76,3.6],[0.77,61.6],[0.78,28.5],[0.79,168.5],[0.8,29.1],[0.81,61.0],[0.82,318.5]]",300.0,300.0,295.6878651984989,4.312134801501085,373.62300633963275,0.7914070070131366,0.8029484129981344,0.82,7.0,1.0,True,73.62300633963275,trade,UP,36.0,37.0,200.0,UP,0.77,0.24,"[[0.77,58.96],[0.78,22.5],[0.79,168.5],[0.8,29.1],[0.81,67.0],[0.82,24.5],[0.83,73.06]]",300.0,300.0,295.7172125308825,4.282787469117501,372.9853163022681,0.7928387515695997,0.8043212075321469,0.83,7.0,1.0,True,72.98531630226807,2026-08-11T12:25:00+00:00,2026-08-11T12:30:00+00:00
zip:///Users/bradamanka/Downloads/Stratgey testing/polymarket-btc-5m_2026-08-11.zip::polymarket-btc-updown-5m-1786467900-2026-08-11.txt.zst,polymarket-btc-updown-5m-1786467900-2026-08-11.txt.zst,polymarket-btc-5m_2026-08-11.zip,1786467900,1786468200,True,134779,132914,123739,1753,1942,130972,0,0.0,300.0,301,DOWN,quotes+trades,0.01,0.01,2.98786997795105,,leader_confirm_too_early_in_market,DOWN,90.945,92.571,160.228,,,,,,,,,,,,,,,,,trade,DOWN,91.0,93.0,209.0,DOWN,0.21,0.8,"[[0.8,85.71],[0.81,388.49]]",300.0,300.0,296.01500286193624,3.984997138063751,366.50876896535334,0.8076614474943682,0.8185343036863587,0.81,2.0,1.0,True,66.50876896535334,2026-08-11T17:05:00+00:00,2026-08-11T17:10:00+00:00
zip:///Users/bradamanka/Downloads/Stratgey testing/polymarket-btc-5m_2026-08-11.zip::polymarket-btc-updown-5m-1786469400-2026-08-11.txt.zst,polymarket-btc-updown-5m-1786469400-2026-08-11.txt.zst,polymarket-btc-5m_2026-08-11.zip,1786469400,1786469700,True,144824,142111,132365,2498,2875,139236,0,0.0,300.0,301,DOWN,quotes+trades,0.01,0.01,3.630052089691162,,trade,UP,10.802,12.474,219.63,UP,0.76,0.26,"[[0.76,27.22],[0.77,66.05],[0.78,6.0],[0.79,50.47],[0.8,109.55],[0.81,37.97],[0.82,47.75],[0.83,47.05]]",300.0,299.99999999999994,295.7826829726257,4.217317027374247,371.67865418388647,0.795802179229503,0.8071488545897936,0.83,8.0,0.9999999999999998,False,-299.99999999999994,trade,UP,11.0,13.0,220.0,UP,0.76,0.25,"[[0.76,52.92],[0.77,112.05],[0.78,46.0],[0.79,90.47],[0.8,139.55]]",300.0,299.99999999999994,295.4693683234714,4.530631676528599,378.46546040433924,0.780703655249814,0.7926747124545803,0.8,5.0,0.9999999999999998,False,-299.99999999999994,2026-08-11T17:30:00+00:00,2026-08-11T17:35:00+00:00
zip:///Users/bradamanka/Downloads/Stratgey testing/polymarket-btc-5m_2026-08-11.zip::polymarket-btc-updown-5m-1786472100-2026-08-11.txt.zst,polymarket-btc-updown-5m-1786472100-2026-08-11.txt.zst,polymarket-btc-5m_2026-08-11.zip,1786472100,1786472400,True,130190,128268,119971,1826,2030,126238,0,0.001,300.0,301,UP,quotes+trades,0.99,0.99,3.3572728633880615,,trade,UP,134.451,138.358,247.156,UP,0.79,0.35,"[[0.79,12.5],[0.8,15.0],[0.82,20.0],[0.83,344.23]]",300.0,299.99999999999994,296.408409921929,3.5915900780709564,358.5041083396735,0.8267922264396746,0.8368104939979031,0.83,4.0,0.9999999999999998,True,58.504108339673564,trade,UP,135.0,139.0,248.0,UP,0.9,0.10999999999999999,"[[0.9,328.48],[0.91,241.4]]",300.0,300.0,297.91618563052765,2.083814369472324,330.9900940994809,0.900075835928151,0.9063715360310249,0.91,2.0,1.0,True,30.990094099480928,2026-08-11T18:15:00+00:00,2026-08-11T18:20:00+00:00
zip:///Users/bradamanka/Downloads/Stratgey testing/polymarket-btc-5m_2026-08-11.zip::polymarket-btc-updown-5m-1786472400-2026-08-11.txt.zst,polymarket-btc-updown-5m-1786472400-2026-08-11.txt.zst,polymarket-btc-5m_2026-08-11.zip,1786472400,1786472700,True,110655,109253,101329,1353,1441,107812,0,0.0,299.989,301,DOWN,quotes+trades,0.01,0.01,2.8477396965026855,,trade,DOWN,84.608,108.569,212.742,DOWN,0.28,0.76,"[[0.76,26.83],[0.77,26.0],[0.78,47.16],[0.79,211.66],[0.8,191.0]]",300.0,299.99999999999994,295.59400104536485,4.405998954635108,375.6337513067061,0.7869207706099111,0.7986502782468262,0.8,5.0,0.9999999999999998,True,75.63375130670613,trade,DOWN,85.0,109.0,213.0,DOWN,0.24,0.77,"[[0.77,200.24],[0.78,121.0],[0.79,216.09]]",300.0,300.0,295.3760473834631,4.623952616536907,380.49474352337097,0.7762946858300563,0.788447160194667,0.79,3.0,1.0,True,80.49474352337097,2026-08-11T18:20:00+00:00,2026-08-11T18:25:00+00:00
zip:///Users/bradamanka/Downloads/Stratgey testing/polymarket-btc-5m_2026-08-11.zip::polymarket-btc-updown-5m-1786486800-2026-08-11.txt.zst,polymarket-btc-updown-5m-1786486800-2026-08-11.txt.zst,polymarket-btc-5m_2026-08-11.zip,1786486800,1786487100,True,124480,122027,114631,2366,2607,119420,0,0.0,300.0,301,UP,quotes+trades,0.99,0.99,2.904292106628418,,opposite_confirmed_first,UP,30.183,31.194,172.042,,,,,,,,,,,,,,,,,trade,UP,31.0,32.0,198.0,UP,0.78,0.22999999999999998,"[[0.78,77.36],[0.79,103.5],[0.8,78.51],[0.81,81.27],[0.82,37.26],[0.83,97.89]]",300.0,299.99999999999994,295.79826977088675,4.201730229113174,371.1958167937644,0.7968793191848701,0.8081987630983442,0.82,5.0,0.9999999999999998,True,71.19581679376444,2026-08-11T22:20:00+00:00,2026-08-11T22:25:00+00:00
zip:///Users/bradamanka/Downloads/Stratgey testing/polymarket-btc-5m_2026-08-11.zip::polymarket-btc-updown-5m-1786490100-2026-08-11.txt.zst,polymarket-btc-updown-5m-1786490100-2026-08-11.txt.zst,polymarket-btc-5m_2026-08-11.zip,1786490100,1786490400,True,92163,91171,83679,935,1029,90142,0,0.001,299.987,301,DOWN,quotes+trades,0.01,0.01,1.8468859195709229,,trade,DOWN,117.166,120.841,180.263,DOWN,0.26,0.76,"[[0.76,122.0],[0.77,169.73],[0.78,191.66]]",300.0,300.0,295.23213268662596,4.76786731337404,383.80696498285386,0.7692203623762146,0.781642928270992,0.78,3.0,1.0,True,83.80696498285386,trade,DOWN,118.0,121.0,181.0,DOWN,0.25,0.76,"[[0.76,19.3],[0.77,25.07],[0.78,110.0],[0.79,121.5],[0.8,233.3]]",300.0,300.0,295.59278294871797,4.407217051282052,375.66485368589747,0.7868523766555768,0.7985841556815887,0.8,5.0,1.0,True,75.66485368589747,2026-08-11T23:15:00+00:00,2026-08-11T23:20:00+00:00
zip:///Users/bradamanka/Downloads/Stratgey testing/polymarket-btc-5m_2026-08-14.zip::polymarket-btc-updown-5m-1786669800-2026-08-14.txt.zst,polymarket-btc-updown-5m-1786669800-2026-08-14.txt.zst,polymarket-btc-5m_2026-08-14.zip,1786669800,1786670100,True,150455,148381,141058,1999,2164,146217,0,0.0,299.976,301,DOWN,quotes+trades,0.01,0.01,4.099393844604492,,opposite_confirmed_first,DOWN,94.349,177.184,214.607,,,,,,,,,,,,,,,,,trade,DOWN,95.0,178.0,248.0,DOWN,0.11,0.9,"[[0.9,101.0],[0.91,31.12],[0.92,32.5],[0.93,34.29],[0.94,556.67]]",300.0,300.0,298.3686784405497,1.631321559450309,323.7608281282443,0.921571272737057,0.9266099352858325,0.94,5.0,1.0,True,23.760828128244327,2026-08-14T01:10:00+00:00,2026-08-14T01:15:00+00:00
zip:///Users/bradamanka/Downloads/Stratgey testing/polymarket-btc-5m_2026-08-14.zip::polymarket-btc-updown-5m-1786681800-2026-08-14.txt.zst,polymarket-btc-updown-5m-1786681800-2026-08-14.txt.zst,polymarket-btc-5m_2026-08-14.zip,1786681800,1786682100,True,124486,123235,115826,1185,1275,121960,0,0.002,299.996,301,DOWN,quotes+trades,0.01,0.01,2.6516928672790527,,trade,DOWN,130.464,137.85,187.561,DOWN,0.27,0.76,"[[0.76,71.47],[0.77,95.16],[0.78,100.29],[0.79,102.17],[0.8,144.82]]",300.0,299.99999999999994,295.3925260650887,4.607473934911242,380.16703258136096,0.7770072119598394,0.7891268160812861,0.8,5.0,0.9999999999999998,True,80.16703258136101,trade,DOWN,131.0,141.0,188.0,DOWN,0.24,0.77,"[[0.77,92.8],[0.78,85.0],[0.79,53.82],[0.8,68.82],[0.81,13.76],[0.82,87.03]]",300.0,300.0,295.664720817697,4.335279182302982,374.1869766069476,0.7901523551106063,0.8017382184712567,0.82,6.0,1.0,True,74.18697660694761,2026-08-14T04:30:00+00:00,2026-08-14T04:35:00+00:00
zip:///Users/bradamanka/Downloads/Stratgey testing/polymarket-btc-5m_2026-08-14.zip::polymarket-btc-updown-5m-1786682100-2026-08-14.txt.zst,polymarket-btc-updown-5m-1786682100-2026-08-14.txt.zst,polymarket-btc-5m_2026-08-14.zip,1786682100,1786682400,True,119333,118114,110802,1142,1245,116869,0,0.0,299.996,301,DOWN,quotes+trades,0.01,0.01,2.0546391010284424,,leader_confirm_too_soon_after_pullback,DOWN,64.804,66.086,77.352,,,,,,,,,,,,,,,,,trade,DOWN,65.0,67.0,227.0,DOWN,0.25,0.76,"[[0.76,224.04],[0.77,12.3],[0.78,20.46],[0.79,39.29],[0.8,59.16],[0.81,69.46]]",300.0,299.99999999999994,295.33942265864005,4.660577341359913,381.51187982548157,0.7741290331345378,0.7863451070966169,0.81,6.0,0.9999999999999998,True,81.51187982548163,2026-08-14T04:35:00+00:00,2026-08-14T04:40:00+00:00
zip:///Users/bradamanka/Downloads/Stratgey testing/polymarket-btc-5m_2026-08-14.zip::polymarket-btc-updown-5m-1786683000-2026-08-14.txt.zst,polymarket-btc-updown-5m-1786683000-2026-08-14.txt.zst,polymarket-btc-5m_2026-08-14.zip,1786683000,1786683300,True,89617,88513,80650,1009,1120,87393,0,0.0,299.977,301,DOWN,quotes+trades,0.01,0.01,1.8284730911254883,,trade,DOWN,3.293,14.691,199.849,DOWN,0.29,0.76,"[[0.76,23.0],[0.77,643.37]]",300.0,300.0,295.23448873142405,4.765511268575927,383.72011523561565,0.7694006047875317,0.7818198423499143,0.77,2.0,1.0,True,83.72011523561565,trade,DOWN,4.0,15.0,201.0,DOWN,0.25,0.76,"[[0.76,19.5],[0.77,112.1],[0.78,42.57],[0.79,135.0],[0.8,93.11]]",300.0,300.0,295.51883319526627,4.481166804733728,377.32904149408273,0.7831860278369286,0.7950620466744662,0.8,5.0,1.0,True,77.32904149408273,2026-08-14T04:50:00+00:00,2026-08-14T04:55:00+00:00
zip:///Users/bradamanka/Downloads/Stratgey testing/polymarket-btc-5m_2026-08-14.zip::polymarket-btc-updown-5m-1786694700-2026-08-14.txt.zst,polymarket-btc-updown-5m-1786694700-2026-08-14.txt.zst,polymarket-btc-5m_2026-08-14.zip,1786694700,1786695000,True,169092,166601,158565,2351,2590,164011,0,0.0,299.984,301,DOWN,quotes+trades,0.01,0.01,4.637404918670654,,leader_confirm_too_soon_after_pullback,DOWN,89.628,89.639,89.717,,,,,,,,,,,,,,,,,trade,DOWN,90.0,94.0,243.0,DOWN,0.25,0.76,"[[0.76,9.21],[0.77,30.0],[0.79,348.39]]",300.0,300.00000000000006,295.6075301468415,4.39246985315857,375.2959875276474,0.7876650429817468,0.7993690579436307,0.79,3.0,1.0000000000000002,True,75.29598752764736,2026-08-14T08:05:00+00:00,2026-08-14T08:10:00+00:00
zip:///Users/bradamanka/Downloads/Stratgey testing/polymarket-btc-5m_2026-08-14.zip::polymarket-btc-updown-5m-1786707000-2026-08-14.txt.zst,polymarket-btc-updown-5m-1786707000-2026-08-14.txt.zst,polymarket-btc-5m_2026-08-14.zip,1786707000,1786707300,True,132068,130357,122187,1632,1753,128604,0,0.0,299.983,301,UP,quotes+trades,0.99,0.99,3.7484331130981445,,leader_confirm_too_early_in_market,DOWN,83.989,127.904,179.601,,,,,,,,,,,,,,,,,trade,DOWN,84.0,128.0,180.0,DOWN,0.2,0.81,"[[0.81,19.0],[0.82,14.0],[0.83,145.0],[0.84,162.0],[0.85,142.85]]",300.0,300.0,296.55522414646214,3.444775853537854,355.594381348779,0.8339705003819808,0.8436578746325856,0.85,5.0,1.0,False,-300.0,2026-08-14T11:30:00+00:00,2026-08-14T11:35:00+00:00
zip:///Users/bradamanka/Downloads/Stratgey testing/polymarket-btc-5m_2026-08-14.zip::polymarket-btc-updown-5m-1786730700-2026-08-14.txt.zst,polymarket-btc-updown-5m-1786730700-2026-08-14.txt.zst,polymarket-btc-5m_2026-08-14.zip,1786730700,1786731000,True,180330,177842,168803,2362,2643,175199,0,0.0,299.997,301,DOWN,quotes+trades,0.01,0.01,5.621033191680908,,trade,UP,74.671,85.595,230.186,UP,0.76,0.26,"[[0.76,50.0],[0.77,60.0],[0.78,5.0],[0.79,43.01],[0.8,38.07],[0.81,284.01]]",300.0,300.00000000000006,295.72738748643053,4.272612513569525,372.8620833165808,0.7931280779637263,0.8045870401504012,0.81,6.0,1.0000000000000002,False,-300.00000000000006,trade,UP,75.0,86.0,231.0,UP,0.8,0.20999999999999996,"[[0.8,155.83],[0.81,434.28]]",300.0,300.0,295.97625106089015,4.023748939109838,367.3266062480125,0.805757726302712,0.8167118713895862,0.81,2.0,1.0,False,-300.0,2026-08-14T18:05:00+00:00,2026-08-14T18:10:00+00:00
zip:///Users/bradamanka/Downloads/Stratgey testing/polymarket-btc-5m_2026-08-14.zip::polymarket-btc-updown-5m-1786742400-2026-08-14.txt.zst,polymarket-btc-updown-5m-1786742400-2026-08-14.txt.zst,polymarket-btc-5m_2026-08-14.zip,1786742400,1786742700,True,113260,111630,102768,1512,1691,109939,0,0.0,299.982,301,DOWN,quotes+trades,0.01,0.01,2.540738105773926,,trade,DOWN,63.087,66.421,184.246,DOWN,0.27,0.76,"[[0.76,53.8],[0.77,56.53],[0.78,51.53],[0.79,84.73],[0.8,163.7]]",300.0,300.0,295.5532328796844,4.446767120315582,376.5987910996056,0.7847960212955498,0.7966037254767868,0.8,5.0,1.0,True,76.59879109960559,trade,DOWN,64.0,69.0,185.0,DOWN,0.24,0.77,"[[0.77,128.1],[0.78,81.53],[0.79,99.03],[0.8,260.23]]",300.0,300.0,295.51190133136095,4.488098668639053,377.46975166420117,0.7828757139572066,0.7947656697718163,0.8,4.0,1.0,True,77.46975166420117,2026-08-14T21:20:00+00:00,2026-08-14T21:25:00+00:00
zip:///Users/bradamanka/Downloads/Stratgey testing/polymarket-btc-5m_2026-08-14.zip::polymarket-btc-updown-5m-1786743300-2026-08-14.txt.zst,polymarket-btc-updown-5m-1786743300-2026-08-14.txt.zst,polymarket-btc-5m_2026-08-14.zip,1786743300,1786743600,True,103093,101755,93425,1245,1384,100371,0,0.0,299.998,301,UP,quotes+trades,0.99,0.99,2.5015411376953125,,trade,DOWN,105.748,137.813,191.493,DOWN,0.26,0.76,"[[0.76,73.0],[0.77,45.0],[0.78,197.62],[0.79,792.54]]",300.0,300.0,295.3849231102789,4.6150768897211,380.31787735478343,0.7766790379793955,0.788813826177679,0.79,4.0,1.0,False,-300.0,trade,DOWN,106.0,138.0,192.0,DOWN,0.24,0.77,"[[0.77,51.0],[0.78,162.42],[0.79,762.54]]",300.0,300.0,295.5123097270129,4.48769027298709,377.4133034519151,0.7829938876668747,0.7948845397237618,0.79,3.0,1.0,False,-300.0,2026-08-14T21:35:00+00:00,2026-08-14T21:40:00+00:00
zip:///Users/bradamanka/Downloads/Stratgey testing/polymarket-btc-5m_2026-08-15.zip::polymarket-btc-updown-5m-1786757700-2026-08-15.txt.zst,polymarket-btc-updown-5m-1786757700-2026-08-15.txt.zst,polymarket-btc-5m_2026-08-15.zip,1786757700,1786758000,True,92425,91267,82270,1069,1176,90091,0,0.0,299.989,301,UP,quotes+trades,0.99,0.99,2.837501287460327,,trade,UP,62.322,134.737,233.019,UP,0.76,0.26,"[[0.76,5.53],[0.77,11.0],[0.78,76.0],[0.79,78.81],[0.8,131.0],[0.81,381.94]]",300.0,300.0,295.7431780716471,4.256821928352906,372.3776272489471,0.7942023269672234,0.8056337922778584,0.81,6.0,1.0,True,72.37762724894708,trade,UP,63.0,135.0,234.0,UP,0.79,0.21999999999999997,"[[0.79,88.81],[0.8,111.0],[0.81,398.41]]",300.0,300.0,295.9040917201224,4.0959082798776265,368.87690335817575,0.8021757096372133,0.8132794362261901,0.81,3.0,1.0,True,68.87690335817575,2026-08-15T01:35:00+00:00,2026-08-15T01:40:00+00:00
zip:///Users/bradamanka/Downloads/Stratgey testing/polymarket-btc-5m_2026-08-15.zip::polymarket-btc-updown-5m-1786758300-2026-08-15.txt.zst,polymarket-btc-updown-5m-1786758300-2026-08-15.txt.zst,polymarket-btc-5m_2026-08-15.zip,1786758300,1786758600,True,88889,87837,79652,990,1082,86755,0,0.0,299.976,301,DOWN,quotes+trades,0.01,0.01,2.212212085723877,,leader_confirm_too_soon_after_pullback,DOWN,149.753,150.249,150.763,,,,,,,,,,,,,,,,,trade,DOWN,150.0,151.0,202.0,DOWN,0.25,0.76,"[[0.76,85.0],[0.77,85.0],[0.78,108.0],[0.79,95.0],[0.8,195.5]]",300.0,300.00000000000006,295.3759408284024,4.624059171597634,380.54492603550295,0.7761920357357367,0.7883431875583897,0.8,5.0,1.0000000000000002,True,80.5449260355029,2026-08-15T01:45:00+00:00,2026-08-15T01:50:00+00:00
zip:///Users/bradamanka/Downloads/Stratgey testing/polymarket-btc-5m_2026-08-15.zip::polymarket-btc-updown-5m-1786759200-2026-08-15.txt.zst,polymarket-btc-updown-5m-1786759200-2026-08-15.txt.zst,polymarket-btc-5m_2026-08-15.zip,1786759200,1786759500,True,97827,96973,88916,785,861,96112,0,0.0,299.989,301,UP,quotes+trades,0.99,0.99,2.5928001403808594,,trade,UP,98.041,120.61,184.682,UP,0.76,0.26,"[[0.76,88.62],[0.77,55.0],[0.78,76.0],[0.79,160.0],[0.8,132.0]]",300.0,300.00000000000006,295.4151968836292,4.584803116370808,379.66249610453644,0.7780994960384221,0.7901754929130475,0.8,5.0,1.0000000000000002,True,79.66249610453639,trade,UP,99.0,121.0,185.0,UP,0.76,0.25,"[[0.76,160.63],[0.77,50.0],[0.78,76.0],[0.79,175.0]]",300.0,300.0,295.30722235143395,4.692777648566079,382.1343320904227,0.77278380284752,0.785064242615637,0.79,4.0,1.0,True,82.13433209042267,2026-08-15T02:00:00+00:00,2026-08-15T02:05:00+00:00
zip:///Users/bradamanka/Downloads/Stratgey testing/polymarket-btc-5m_2026-08-15.zip::polymarket-btc-updown-5m-1786768200-2026-08-15.txt.zst,polymarket-btc-updown-5m-1786768200-2026-08-15.txt.zst,polymarket-btc-5m_2026-08-15.zip,1786768200,1786768500,True,94662,93589,85478,1009,1104,92485,0,0.0,299.993,301,DOWN,quotes+trades,0.01,0.01,1.6008551120758057,,leader_confirm_too_soon_after_pullback,DOWN,136.048,136.212,136.26,,,,,,,,,,,,,,,,,trade,DOWN,137.0,138.0,222.0,DOWN,0.24,0.77,"[[0.77,17.67],[0.78,10.0],[0.79,15.0],[0.8,461.2]]",300.0,300.0,295.8108605621302,4.189139437869823,370.86370070266275,0.7976268909620097,0.8089225217555676,0.8,4.0,1.0,True,70.86370070266275,2026-08-15T04:30:00+00:00,2026-08-15T04:35:00+00:00
zip:///Users/bradamanka/Downloads/Stratgey testing/polymarket-btc-5m_2026-08-15.zip::polymarket-btc-updown-5m-1786770900-2026-08-15.txt.zst,polymarket-btc-updown-5m-1786770900-2026-08-15.txt.zst,polymarket-btc-5m_2026-08-15.zip,1786770900,1786771200,True,102559,101122,92995,1355,1475,99647,0,0.0,299.996,301,UP,quotes+trades,0.99,0.99,1.7639648914337158,,leader_confirm_too_soon_after_pullback,UP,50.382,50.388,51.745,,,,,,,,,,,,,,,,,trade,UP,52.0,131.0,248.0,UP,0.77,0.24,"[[0.77,150.76],[0.78,55.0],[0.79,80.0],[0.8,118.0]]",300.0,300.0,295.5147150690335,4.485284930966469,377.4218938362919,0.7829824392678558,0.7948664475996883,0.8,4.0,1.0,True,77.42189383629187,2026-08-15T05:15:00+00:00,2026-08-15T05:20:00+00:00
zip:///Users/bradamanka/Downloads/Stratgey testing/polymarket-btc-5m_2026-08-15.zip::polymarket-btc-updown-5m-1786772400-2026-08-15.txt.zst,polymarket-btc-updown-5m-1786772400-2026-08-15.txt.zst,polymarket-btc-5m_2026-08-15.zip,1786772400,1786772700,True,111066,109220,100901,1720,1936,107284,0,0.0,299.99,301,UP,quotes+trades,0.99,0.99,2.205843925476074,,leader_confirm_too_soon_after_pullback,DOWN,12.176,16.048,17.126,,,,,,,,,,,,,,,,,trade,DOWN,13.0,47.0,190.0,DOWN,0.24,0.77,"[[0.77,8.0],[0.78,93.99],[0.79,58.0],[0.8,58.0],[0.81,58.0],[0.82,64.0],[0.83,64.0]]",300.0,300.0,295.8684566656784,4.131543334321573,369.76862248876915,0.8001448437520269,0.8113181642639562,0.83,7.0,1.0,False,-300.0,2026-08-15T05:40:00+00:00,2026-08-15T05:45:00+00:00
zip:///Users/bradamanka/Downloads/Stratgey testing/polymarket-btc-5m_2026-08-15.zip::polymarket-btc-updown-5m-1786775700-2026-08-15.txt.zst,polymarket-btc-updown-5m-1786775700-2026-08-15.txt.zst,polymarket-btc-5m_2026-08-15.zip,1786775700,1786776000,True,83109,81723,74360,1332,1436,80287,0,0.0,299.978,301,DOWN,quotes+trades,0.01,0.01,2.1925108432769775,,leader_confirm_too_early_in_market,DOWN,46.848,46.985,111.838,,,,,,,,,,,,,,,,,trade,DOWN,112.0,120.0,211.0,DOWN,0.17,0.84,"[[0.84,27.48],[0.85,135.0],[0.86,10.0],[0.87,27.49],[0.88,52.5],[0.89,10.0],[0.9,40.0],[0.91,67.0]]",300.0,300.0,297.3002053860678,2.6997946139322275,341.8663795451294,0.8696386166479454,0.8775358384148955,0.91,8.0,1.0,True,41.866379545129405,2026-08-15T06:35:00+00:00,2026-08-15T06:40:00+00:00
zip:///Users/bradamanka/Downloads/Stratgey testing/polymarket-btc-5m_2026-08-15.zip::polymarket-btc-updown-5m-1786787100-2026-08-15.txt.zst,polymarket-btc-updown-5m-1786787100-2026-08-15.txt.zst,polymarket-btc-5m_2026-08-15.zip,1786787100,1786787400,True,98020,96711,88146,1193,1335,95376,0,0.0,299.989,301,UP,quotes+trades,0.99,0.99,2.4513931274414062,,leader_confirm_too_early_in_market,UP,51.364,51.489,122.858,,,,,,,,,,,,,,,,,trade,UP,119.0,137.0,187.0,UP,0.76,0.25,"[[0.76,109.53],[0.77,208.85],[0.78,80.0]]",300.0,299.99999999999994,295.2244336517628,4.775566348237147,383.97888929713184,0.7688558977608564,0.7812929521962676,0.78,3.0,0.9999999999999998,True,83.9788892971319,2026-08-15T09:45:00+00:00,2026-08-15T09:50:00+00:00
zip:///Users/bradamanka/Downloads/Stratgey testing/polymarket-btc-5m_2026-08-15.zip::polymarket-btc-updown-5m-1786793400-2026-08-15.txt.zst,polymarket-btc-updown-5m-1786793400-2026-08-15.txt.zst,polymarket-btc-5m_2026-08-15.zip,1786793400,1786793700,True,99624,98300,90875,1268,1355,96945,0,0.0,300.0,301,DOWN,quotes+trades,0.01,0.01,6.826714754104614,,leader_confirm_too_early_in_market,UP,33.056,33.097,93.878,,,,,,,,,,,,,,,,,trade,UP,94.0,121.0,187.0,UP,0.77,0.24,"[[0.77,25.0],[0.78,35.0],[0.79,80.05],[0.8,46.2],[0.81,445.25]]",300.0,300.0,295.83969475969604,4.160305240303956,370.3119688391309,0.7988931486257558,0.8101277442920689,0.81,5.0,1.0,False,-300.0,2026-08-15T11:30:00+00:00,2026-08-15T11:35:00+00:00
zip:///Users/bradamanka/Downloads/Stratgey testing/polymarket-btc-5m_2026-08-15.zip::polymarket-btc-updown-5m-1786796100-2026-08-15.txt.zst,polymarket-btc-updown-5m-1786796100-2026-08-15.txt.zst,polymarket-btc-5m_2026-08-15.zip,1786796100,1786796400,True,101436,99988,92144,1357,1484,98504,0,0.0,299.984,301,DOWN,quotes+trades,0.01,0.01,3.777707099914551,,leader_confirm_too_soon_after_pullback,DOWN,15.757,22.836,42.555,,,,,,,,,,,,,,,,,trade,DOWN,16.0,23.0,240.0,DOWN,0.2,0.81,"[[0.81,130.14],[0.82,30.0],[0.83,30.0],[0.84,153.32],[0.85,46.66]]",300.0,299.99999999999994,296.4158043740722,3.584195625927759,358.4171816165556,0.8270133787592411,0.8370134451895447,0.85,5.0,0.9999999999999998,True,58.41718161655564,2026-08-15T12:15:00+00:00,2026-08-15T12:20:00+00:00
zip:///Users/bradamanka/Downloads/Stratgey testing/polymarket-btc-5m_2026-08-15.zip::polymarket-btc-updown-5m-1786799400-2026-08-15.txt.zst,polymarket-btc-updown-5m-1786799400-2026-08-15.txt.zst,polymarket-btc-5m_2026-08-15.zip,1786799400,1786799700,True,116776,114905,106701,1743,1947,112958,0,0.0,299.998,301,UP,quotes+trades,0.99,0.99,4.364403009414673,,trade,DOWN,3.934,67.135,239.168,DOWN,0.32,0.76,"[[0.76,15.2],[0.77,214.8],[0.78,99.0],[0.79,1174.0]]",300.0,300.0,295.34850931309745,4.651490686902532,381.12722697860437,0.774934164778728,0.7871387262942549,0.79,4.0,1.0,False,-300.0,trade,DOWN,4.0,68.0,240.0,DOWN,0.23,0.78,"[[0.78,95.42],[0.79,614.0]]",300.0,300.0,295.6025432935843,4.397456706415689,375.3882826501067,0.7874580986032284,0.7991725204689596,0.79,2.0,1.0,False,-300.0,2026-08-15T13:10:00+00:00,2026-08-15T13:15:00+00:00
zip:///Users/bradamanka/Downloads/Stratgey testing/polymarket-btc-5m_2026-08-15.zip::polymarket-btc-updown-5m-1786800300-2026-08-15.txt.zst,polymarket-btc-updown-5m-1786800300-2026-08-15.txt.zst,polymarket-btc-5m_2026-08-15.zip,1786800300,1786800600,True,110377,108870,101020,1433,1558,107312,0,0.0,299.988,301,DOWN,quotes+trades,0.01,0.01,4.4459779262542725,,trade,UP,181.04,183.292,260.355,UP,0.76,0.26,"[[0.76,38.64],[0.77,75.0],[0.78,100.0],[0.79,25.0],[0.8,25.0],[0.81,30.0],[0.82,25.0],[0.83,435.0]]",300.0,300.0,295.6763362387588,4.32366376124123,374.07365811898643,0.790422767872923,0.801981089790009,0.83,8.0,1.0,False,-300.0,trade,UP,182.0,184.0,261.0,UP,0.77,0.24,"[[0.77,0.06],[0.78,70.0],[0.79,25.0],[0.8,20.0],[0.81,25.0],[0.82,25.0],[0.83,35.0],[0.84,230.0]]",300.0,300.0,296.24700219541137,3.7529978045886083,362.02524070882305,0.8183048276285323,0.8286715020549908,0.84,8.0,1.0,False,-300.0,2026-08-15T13:25:00+00:00,2026-08-15T13:30:00+00:00
zip:///Users/bradamanka/Downloads/Stratgey testing/polymarket-btc-5m_2026-08-15.zip::polymarket-btc-updown-5m-1786827900-2026-08-15.txt.zst,polymarket-btc-updown-5m-1786827900-2026-08-15.txt.zst,polymarket-btc-5m_2026-08-15.zip,1786827900,1786828200,True,110105,108568,100638,1491,1574,106994,0,0.0,299.987,301,DOWN,quotes+trades,0.01,0.01,2.7970428466796875,,leader_confirm_too_soon_after_pullback,DOWN,184.588,192.175,195.597,,,,,,,,,,,,,,,,,trade,DOWN,185.0,193.0,238.0,DOWN,0.25,0.76,"[[0.76,45.0],[0.77,35.0],[0.78,230.0],[0.79,45.0],[0.8,55.0]]",300.0,300.0,295.4355029585799,4.564497041420118,379.1693786982249,0.7791649841895922,0.7912031320408007,0.8,5.0,1.0,True,79.16937869822488,2026-08-15T21:05:00+00:00,2026-08-15T21:10:00+00:00
zip:///Users/bradamanka/Downloads/Stratgey testing/polymarket-btc-5m_2026-08-15.zip::polymarket-btc-updown-5m-1786830600-2026-08-15.txt.zst,polymarket-btc-updown-5m-1786830600-2026-08-15.txt.zst,polymarket-btc-5m_2026-08-15.zip,1786830600,1786830900,True,131250,129395,121196,1813,1944,127451,0,0.003,300.0,301,DOWN,quotes+trades,0.01,0.01,2.9883220195770264,,leader_confirm_too_soon_after_pullback,DOWN,142.179,142.213,142.337,,,,,,,,,,,,,,,,,trade,DOWN,143.0,175.0,218.0,DOWN,0.23,0.81,"[[0.81,5.0],[0.82,5.65],[0.83,122.65],[0.85,100.0],[0.87,5.0],[0.88,98.0],[0.89,116.0]]",300.0,300.0,296.936193708445,3.0638062915550273,348.5063974252191,0.8520250873505419,0.8608163357011906,0.89,7.0,1.0,True,48.50639742521912,2026-08-15T21:50:00+00:00,2026-08-15T21:55:00+00:00
zip:///Users/bradamanka/Downloads/Stratgey testing/polymarket-btc-5m_2026-08-15.zip::polymarket-btc-updown-5m-1786830900-2026-08-15.txt.zst,polymarket-btc-updown-5m-1786830900-2026-08-15.txt.zst,polymarket-btc-5m_2026-08-15.zip,1786830900,1786831200,True,117808,116213,108141,1510,1633,114580,0,0.0,299.979,301,DOWN,quotes+trades,0.01,0.01,2.942031145095825,,trade,UP,61.75,123.991,227.351,UP,0.76,0.28,"[[0.76,38.49],[0.78,15.2],[0.79,15.7],[0.8,31.2],[0.81,36.89],[0.82,23.6],[0.83,34.39],[0.84,170.97],[0.85,37.39]]",300.0,299.99999999999994,296.2453219738924,3.7546780261075954,362.1334785403481,0.8180556052645803,0.8284238209878035,0.84,8.0,0.9999999999999998,False,-299.99999999999994,trade,UP,62.0,124.0,229.0,UP,0.79,0.21999999999999997,"[[0.79,20.7],[0.8,31.2],[0.81,41.89],[0.82,23.16],[0.83,28.39],[0.84,19.3],[0.85,32.39],[0.86,34.6],[0.87,36.0],[0.88,448.6]]",300.0,299.99999999999994,296.76905052558504,3.230949474414915,351.89221650634664,0.8433521305812475,0.8525337757636626,0.88,10.0,0.9999999999999998,False,-299.99999999999994,2026-08-15T21:55:00+00:00,2026-08-15T22:00:00+00:00
zip:///Users/bradamanka/Downloads/Stratgey testing/polymarket-btc-5m_2026-08-15.zip::polymarket-btc-updown-5m-1786833300-2026-08-15.txt.zst,polymarket-btc-updown-5m-1786833300-2026-08-15.txt.zst,polymarket-btc-5m_2026-08-15.zip,1786833300,1786833600,True,128506,126993,118818,1456,1536,125457,0,0.0,300.0,301,DOWN,quotes+trades,0.01,0.01,3.035032033920288,,leader_confirm_too_soon_after_pullback,DOWN,152.206,152.242,159.167,,,,,,,,,,,,,,,,,trade,DOWN,162.0,163.0,240.0,DOWN,0.13,0.88,"[[0.88,8.77],[0.89,43.27],[0.9,30.0],[0.91,90.0],[0.92,125.0],[0.93,220.0]]",300.0,300.0,298.15235303015226,1.8476469698477453,327.1738204625293,0.9112964864017876,0.9169437810637985,0.93,6.0,1.0,True,27.173820462529306,2026-08-15T22:35:00+00:00,2026-08-15T22:40:00+00:00
zip:///Users/bradamanka/Downloads/Stratgey testing/polymarket-btc-5m_2026-08-15.zip::polymarket-btc-updown-5m-1786837200-2026-08-15.txt.zst,polymarket-btc-updown-5m-1786837200-2026-08-15.txt.zst,polymarket-btc-5m_2026-08-15.zip,1786837200,1786837500,True,116554,115080,107337,1407,1519,113561,0,0.0,300.0,301,UP,quotes+trades,0.99,0.99,2.4509689807891846,,leader_confirm_too_soon_after_pullback,UP,110.933,110.952,110.964,,,,,,,,,,,,,,,,,trade,UP,111.0,126.0,194.0,UP,0.76,0.25,"[[0.76,50.06],[0.77,10.0],[0.79,36.0],[0.8,10.0],[0.81,71.0],[0.82,6.0],[0.83,5.0],[0.85,20.19],[0.86,8.0],[0.87,41.0],[0.88,141.6]]",300.0,300.0,296.51876914914715,3.4812308508528362,357.297351305849,0.8298935552290871,0.8396367868487161,0.88,11.0,1.0,True,57.29735130584902,2026-08-15T23:40:00+00:00,2026-08-15T23:45:00+00:00
zip:///Users/bradamanka/Downloads/Stratgey testing/polymarket-btc-5m_2026-08-16.zip::polymarket-btc-updown-5m-1786840800-2026-08-16.txt.zst,polymarket-btc-updown-5m-1786840800-2026-08-16.txt.zst,polymarket-btc-5m_2026-08-16.zip,1786840800,1786841100,True,101673,100423,92934,1175,1264,99159,0,0.0,299.989,301,DOWN,quotes+trades,0.01,0.01,2.559929847717285,,trade,DOWN,7.124,138.732,216.419,DOWN,0.29,0.76,"[[0.76,4.25],[0.77,27.0],[0.78,23.0],[0.79,29.0],[0.8,35.0],[0.81,136.0],[0.82,155.6]]",300.0,299.99999999999994,295.9697945881888,4.0302054118111785,367.59121291242536,0.8051601458131166,0.8161239699477575,0.82,7.0,0.9999999999999998,True,67.59121291242542,trade,DOWN,8.0,139.0,217.0,DOWN,0.24,0.77,"[[0.77,14.0],[0.79,5.0],[0.8,610.0]]",300.0,300.00000000000006,295.83293589743596,4.167064102564103,370.3786698717949,0.7987310284359447,0.8099818493971153,0.8,3.0,1.0000000000000002,True,70.37866987179484,2026-08-16T00:40:00+00:00,2026-08-16T00:45:00+00:00
zip:///Users/bradamanka/Downloads/Stratgey testing/polymarket-btc-5m_2026-08-16.zip::polymarket-btc-updown-5m-1786843800-2026-08-16.txt.zst,polymarket-btc-updown-5m-1786843800-2026-08-16.txt.zst,polymarket-btc-5m_2026-08-16.zip,1786843800,1786844100,True,122456,121129,113497,1255,1359,119770,0,0.0,299.981,301,UP,quotes+trades,0.99,0.99,3.6275501251220703,,leader_confirm_too_soon_after_pullback,UP,64.618,64.63,78.146,,,,,,,,,,,,,,,,,trade,UP,92.0,123.0,218.0,UP,0.8,0.26,"[[0.8,21.0],[0.81,35.0],[0.82,162.56],[0.83,242.0]]",300.0,300.00000000000006,296.3056829330962,3.6943170669038454,360.5557625699954,0.8218026549376638,0.832048828901356,0.83,4.0,1.0000000000000002,True,60.55576256999535,2026-08-16T01:30:00+00:00,2026-08-16T01:35:00+00:00
zip:///Users/bradamanka/Downloads/Stratgey testing/polymarket-btc-5m_2026-08-16.zip::polymarket-btc-updown-5m-1786849200-2026-08-16.txt.zst,polymarket-btc-updown-5m-1786849200-2026-08-16.txt.zst,polymarket-btc-5m_2026-08-16.zip,1786849200,1786849500,True,112052,110873,103614,1137,1200,109673,0,0.0,300.0,301,DOWN,quotes+trades,0.01,0.01,3.351655960083008,,trade,DOWN,112.24,122.892,207.436,DOWN,0.3,0.76,"[[0.76,21.0],[0.77,27.0],[0.78,23.0],[0.79,25.18],[0.8,37.5],[0.81,41.0],[0.82,38.0],[0.83,39.0],[0.84,51.0],[0.85,93.0]]",300.0,300.0,296.16313187530926,3.8368681246907475,363.85756691212856,0.8139534774244025,0.8244984501653908,0.85,10.0,1.0,True,63.85756691212856,trade,DOWN,113.0,123.0,208.0,DOWN,0.23,0.78,"[[0.78,332.82],[0.79,223.52]]",300.0,300.0,295.4748007095693,4.525199290430669,378.23164646780924,0.7812006305366538,0.7931647253782413,0.79,2.0,1.0,True,78.23164646780924,2026-08-16T03:00:00+00:00,2026-08-16T03:05:00+00:00
zip:///Users/bradamanka/Downloads/Stratgey testing/polymarket-btc-5m_2026-08-16.zip::polymarket-btc-updown-5m-1786850700-2026-08-16.txt.zst,polymarket-btc-updown-5m-1786850700-2026-08-16.txt.zst,polymarket-btc-5m_2026-08-16.zip,1786850700,1786851000,True,113266,111994,104208,1220,1293,110701,0,0.0,299.981,301,UP,quotes+trades,0.99,0.99,2.4705629348754883,,opposite_confirmed_first,UP,81.732,82.003,117.304,,,,,,,,,,,,,,,,,trade,UP,82.0,83.0,247.0,UP,0.77,0.24,"[[0.77,32.0],[0.78,28.0],[0.79,29.0],[0.8,30.0],[0.81,31.0],[0.82,33.0],[0.83,34.0],[0.84,36.0],[0.85,33.0],[0.86,41.0],[0.87,73.0]]",300.0,300.0,296.3406877415519,3.6593122584481232,360.3456180937378,0.8223790518370169,0.8325340587934111,0.87,11.0,1.0,True,60.34561809373781,2026-08-16T03:25:00+00:00,2026-08-16T03:30:00+00:00
zip:///Users/bradamanka/Downloads/Stratgey testing/polymarket-btc-5m_2026-08-16.zip::polymarket-btc-updown-5m-1786853100-2026-08-16.txt.zst,polymarket-btc-updown-5m-1786853100-2026-08-16.txt.zst,polymarket-btc-5m_2026-08-16.zip,1786853100,1786853400,True,94048,93110,85802,883,960,92150,0,0.0,299.995,301,UP,quotes+trades,0.99,0.99,2.107475996017456,,trade,UP,120.544,123.989,181.525,UP,0.76,0.30000000000000004,"[[0.76,128.82],[0.77,27.0],[0.78,33.0],[0.79,29.0],[0.8,40.0],[0.81,51.0],[0.82,66.6],[0.83,70.39]]",300.0,300.0,295.59784160490165,4.40215839509833,375.8207730179538,0.7865393901224834,0.7982528416162571,0.83,8.0,1.0,True,75.8207730179538,trade,UP,121.0,124.0,183.0,UP,0.78,0.22999999999999998,"[[0.78,476.43]]",300.0,300.0,295.45006893834943,4.549931061650581,378.7821396645505,0.78,0.792012,0.78,1.0,1.0,True,78.78213966455053,2026-08-16T04:05:00+00:00,2026-08-16T04:10:00+00:00
zip:///Users/bradamanka/Downloads/Stratgey testing/polymarket-btc-5m_2026-08-16.zip::polymarket-btc-updown-5m-1786856400-2026-08-16.txt.zst,polymarket-btc-updown-5m-1786856400-2026-08-16.txt.zst,polymarket-btc-5m_2026-08-16.zip,1786856400,1786856700,True,103235,101639,94405,1527,1661,99978,0,0.0,300.0,301,UP,quotes+trades,0.9944999999999999,0.999,1.9300429821014404,,leader_confirm_too_soon_after_pullback,DOWN,22.367,22.395,22.922,,,,,,,,,,,,,,,,,trade,DOWN,23.0,127.0,214.0,DOWN,0.24,0.764,"[[0.764,13.21],[0.766,10.09],[0.77,9.08],[0.771,76.9],[0.78,91.69],[0.79,53.93],[0.8,30.0],[0.81,31.0],[0.82,28.0],[0.827,200.0]]",300.0,300.0,295.6497263368606,4.350273663139381,374.557734385563,0.7893301864980957,0.8009446140316125,0.827,10.0,1.0,False,-300.0,2026-08-16T05:00:00+00:00,2026-08-16T05:05:00+00:00
zip:///Users/bradamanka/Downloads/Stratgey testing/polymarket-btc-5m_2026-08-16.zip::polymarket-btc-updown-5m-1786859100-2026-08-16.txt.zst,polymarket-btc-updown-5m-1786859100-2026-08-16.txt.zst,polymarket-btc-5m_2026-08-16.zip,1786859100,1786859400,True,109386,108217,100694,1096,1199,107018,0,0.0,299.977,301,DOWN,quotes+trades,0.01,0.01,3.4741439819335938,,trade,DOWN,152.788,153.153,231.063,DOWN,0.26,0.76,"[[0.76,48.55],[0.77,27.0],[0.78,49.0],[0.79,39.0],[0.8,42.5],[0.81,31.0],[0.82,38.0],[0.83,54.0],[0.84,41.0],[0.85,37.35]]",300.0,299.99999999999994,295.8862857990506,4.113714200949366,369.6193878560126,0.8005161404420561,0.8116457357395621,0.84,9.0,0.9999999999999998,True,69.61938785601268,trade,DOWN,153.0,154.0,232.0,DOWN,0.25,0.76,"[[0.76,40.84],[0.77,27.0],[0.78,78.0],[0.79,39.0],[0.8,68.5],[0.81,31.0],[0.82,38.0],[0.83,54.0],[0.84,31.0]]",300.0,300.00000000000006,295.76968064037953,4.230319359620516,372.0041935426259,0.7950708238628738,0.8064425219056697,0.83,8.0,1.0000000000000002,True,72.00419354262584,2026-08-16T05:45:00+00:00,2026-08-16T05:50:00+00:00
zip:///Users/bradamanka/Downloads/Stratgey testing/polymarket-btc-5m_2026-08-16.zip::polymarket-btc-updown-5m-1786871400-2026-08-16.txt.zst,polymarket-btc-updown-5m-1786871400-2026-08-16.txt.zst,polymarket-btc-5m_2026-08-16.zip,1786871400,1786871700,True,115846,114346,107418,1461,1544,112802,0,0.0,300.0,301,DOWN,quotes+trades,0.01,0.01,2.484668254852295,,leader_confirm_too_soon_after_pullback,DOWN,153.94,154.132,170.872,,,,,,,,,,,,,,,,,trade,DOWN,154.0,155.0,213.0,DOWN,0.23,0.8200000000000001,"[[0.82,19.95],[0.85,98.83],[0.86,30.0],[0.87,40.0],[0.88,40.0],[0.89,50.0],[0.9,324.19]]",300.0,300.0,297.3074680734856,2.6925319265144,341.7166311927618,0.8700409665041294,0.8779203954833866,0.9,7.0,1.0,True,41.71663119276178,2026-08-16T09:10:00+00:00,2026-08-16T09:15:00+00:00
zip:///Users/bradamanka/Downloads/Stratgey testing/polymarket-btc-5m_2026-08-16.zip::polymarket-btc-updown-5m-1786909500-2026-08-16.txt.zst,polymarket-btc-updown-5m-1786909500-2026-08-16.txt.zst,polymarket-btc-5m_2026-08-16.zip,1786909500,1786909800,True,104823,103076,94815,1617,1821,101255,0,0.002,299.983,301,DOWN,quotes+trades,0.01,0.01,1.3515427112579346,,leader_confirm_too_soon_after_pullback,DOWN,83.593,83.642,83.93,,,,,,,,,,,,,,,,,trade,DOWN,84.0,100.0,198.0,DOWN,0.13,0.88,"[[0.88,5.19],[0.89,20.0],[0.9,48.5],[0.91,52.0],[0.92,410.0]]",300.0,300.0,298.18575759745426,1.8142424025457435,326.61234521462416,0.9129653608209752,0.9185200877905071,0.92,5.0,1.0,True,26.612345214624156,2026-08-16T19:45:00+00:00,2026-08-16T19:50:00+00:00
zip:///Users/bradamanka/Downloads/Stratgey testing/polymarket-btc-5m_2026-08-16.zip::polymarket-btc-updown-5m-1786914300-2026-08-16.txt.zst,polymarket-btc-updown-5m-1786914300-2026-08-16.txt.zst,polymarket-btc-5m_2026-08-16.zip,1786914300,1786914600,True,115167,113526,106097,1588,1707,111819,0,0.0,299.981,301,DOWN,quotes+trades,0.01,0.01,1.3334321975708008,,leader_confirm_too_soon_after_pullback,DOWN,3.689,103.005,103.103,,,,,,,,,,,,,,,,,trade,DOWN,4.0,107.0,218.0,DOWN,0.24,0.77,"[[0.77,138.0],[0.78,128.89],[0.79,73.0],[0.8,680.03]]",300.0,300.0,295.4593068244576,4.5406931755424065,378.63388353057195,0.7803298111342996,0.792322116559273,0.8,4.0,1.0,True,78.63388353057195,2026-08-16T21:05:00+00:00,2026-08-16T21:10:00+00:00
zip:///Users/bradamanka/Downloads/Stratgey testing/polymarket-btc-5m_2026-08-16.zip::polymarket-btc-updown-5m-1786915800-2026-08-16.txt.zst,polymarket-btc-updown-5m-1786915800-2026-08-16.txt.zst,polymarket-btc-5m_2026-08-16.zip,1786915800,1786916100,True,122577,120862,112527,1609,1773,119089,0,0.0,300.0,301,DOWN,quotes+trades,0.01,0.01,1.640934944152832,,trade,DOWN,24.465,59.959,240.183,DOWN,0.25,0.76,"[[0.76,20.0],[0.77,188.0],[0.78,41.08],[0.79,135.17],[0.8,20.0]]",300.0,299.99999999999994,295.40059753621756,4.599402463782399,379.9637943496425,0.7774440668533541,0.7895489108731767,0.79,4.0,0.9999999999999998,True,79.96379434964257,trade,DOWN,25.0,60.0,241.0,DOWN,0.2,0.83,"[[0.83,90.6],[0.84,74.33],[0.85,185.0],[0.86,56.0]]",300.0,300.0,296.73657864923746,3.263421350762528,352.0827658712064,0.8428034752424808,0.8520723792250072,0.86,4.0,1.0,True,52.08276587120639,2026-08-16T21:30:00+00:00,2026-08-16T21:35:00+00:00
zip:///Users/bradamanka/Downloads/Stratgey testing/polymarket-btc-5m_2026-08-16.zip::polymarket-btc-updown-5m-1786923300-2026-08-16.txt.zst,polymarket-btc-updown-5m-1786923300-2026-08-16.txt.zst,polymarket-btc-5m_2026-08-16.zip,1786923300,1786923600,True,106763,105382,97335,1322,1434,103948,0,0.0,300.0,301,UP,quotes+trades,0.99,0.99,1.5481739044189453,,trade,UP,8.895,133.198,181.485,UP,0.82,0.26,"[[0.82,9.0],[0.83,9.0],[0.85,14.0],[0.86,41.39],[0.87,47.0],[0.88,38.6],[0.89,266.51]]",300.0,299.99999999999994,297.45298209784653,2.547017902153419,339.04571022229953,0.8773241280735208,0.8848364422699854,0.89,7.0,0.9999999999999998,True,39.04571022229959,trade,UP,9.0,134.0,182.0,UP,0.92,0.08999999999999997,"[[0.92,177.88],[0.93,105.0],[0.94,475.1]]",300.0,300.0,298.44904955188207,1.5509504481179044,322.4006910126405,0.9257084673561716,0.9305190973931188,0.94,3.0,1.0,True,22.400691012640493,2026-08-16T23:35:00+00:00,2026-08-16T23:40:00+00:00
zip:///Users/bradamanka/Downloads/Stratgey testing/polymarket-btc-5m_2026-08-17.zip::polymarket-btc-updown-5m-1786936500-2026-08-17.txt.zst,polymarket-btc-updown-5m-1786936500-2026-08-17.txt.zst,polymarket-btc-5m_2026-08-17.zip,1786936500,1786936800,True,121008,119506,111453,1350,1558,117948,0,0.0,299.987,301,DOWN,quotes+trades,0.01,0.01,1.5582778453826904,,trade,DOWN,131.847,132.26,197.507,DOWN,0.27,0.76,"[[0.76,32.5],[0.77,25.0],[0.78,20.0],[0.79,43.0],[0.8,29.0],[0.81,38.0],[0.82,50.5],[0.83,67.0],[0.84,190.0]]",300.0,300.00000000000006,296.0407842167722,3.959215783227849,366.3342669247288,0.8081165507719213,0.8189242096253078,0.84,9.0,1.0000000000000002,True,66.33426692472875,trade,DOWN,132.0,133.0,198.0,DOWN,0.21,0.8,"[[0.8,494.61]]",300.0,300.0,295.85798816568047,4.1420118343195265,369.82248520710056,0.8,0.8112,0.8,1.0,1.0,True,69.82248520710056,2026-08-17T03:15:00+00:00,2026-08-17T03:20:00+00:00
zip:///Users/bradamanka/Downloads/Stratgey testing/polymarket-btc-5m_2026-08-17.zip::polymarket-btc-updown-5m-1786944600-2026-08-17.txt.zst,polymarket-btc-updown-5m-1786944600-2026-08-17.txt.zst,polymarket-btc-5m_2026-08-17.zip,1786944600,1786944900,True,141466,139953,131801,1407,1581,138372,0,0.0,300.0,301,UP,quotes+trades,0.99,0.99,1.3852028846740723,,leader_confirm_too_soon_after_pullback,UP,3.506,3.521,3.545,,,,,,,,,,,,,,,,,trade,UP,4.0,7.0,221.0,UP,0.76,0.25,"[[0.76,92.99],[0.77,21.0],[0.78,20.0],[0.79,37.5],[0.8,270.0]]",300.0,300.0,295.58735974358973,4.412640256410256,375.88994967948713,0.7863667544067895,0.7981059356755966,0.8,5.0,1.0,True,75.88994967948713,2026-08-17T05:30:00+00:00,2026-08-17T05:35:00+00:00
zip:///Users/bradamanka/Downloads/Stratgey testing/polymarket-btc-5m_2026-08-17.zip::polymarket-btc-updown-5m-1786946100-2026-08-17.txt.zst,polymarket-btc-updown-5m-1786946100-2026-08-17.txt.zst,polymarket-btc-5m_2026-08-17.zip,1786946100,1786946400,True,115994,114705,107432,1213,1326,113379,0,0.0,300.0,301,DOWN,quotes+trades,0.01,0.01,1.18333101272583,,leader_confirm_too_soon_after_pullback,DOWN,105.047,105.12,105.184,,,,,,,,,,,,,,,,,trade,DOWN,106.0,114.0,193.0,DOWN,0.27,0.81,"[[0.81,71.41],[0.82,110.6],[0.83,78.39],[0.84,69.3],[0.85,80.39]]",300.0,300.0,296.4035144383968,3.5964855616031675,358.6337816922316,0.8264796278805691,0.8365079234433378,0.85,5.0,1.0,True,58.633781692231594,2026-08-17T05:55:00+00:00,2026-08-17T06:00:00+00:00
zip:///Users/bradamanka/Downloads/Stratgey testing/polymarket-btc-5m_2026-08-17.zip::polymarket-btc-updown-5m-1786957800-2026-08-17.txt.zst,polymarket-btc-updown-5m-1786957800-2026-08-17.txt.zst,polymarket-btc-5m_2026-08-17.zip,1786957800,1786958100,True,144437,142986,134490,1362,1488,141498,0,0.0,300.0,301,UP,quotes+trades,0.99,0.99,1.5707311630249023,,leader_confirm_too_soon_after_pullback,UP,136.4,136.736,138.618,,,,,,,,,,,,,,,,,trade,UP,139.0,149.0,202.0,UP,0.83,0.18000000000000005,"[[0.83,92.32],[0.84,101.8],[0.85,128.96],[0.86,210.3]]",300.0,300.00000000000006,296.73463877995647,3.2653612200435744,352.1277195115773,0.842690371526404,0.8519636012073074,0.86,4.0,1.0000000000000002,True,52.127719511577254,2026-08-17T09:10:00+00:00,2026-08-17T09:15:00+00:00
zip:///Users/bradamanka/Downloads/Stratgey testing/polymarket-btc-5m_2026-08-17.zip::polymarket-btc-updown-5m-1786958100-2026-08-17.txt.zst,polymarket-btc-updown-5m-1786958100-2026-08-17.txt.zst,polymarket-btc-5m_2026-08-17.zip,1786958100,1786958400,True,111576,110415,101702,1090,1203,109212,0,0.002,299.978,301,DOWN,quotes+trades,0.01,0.01,1.2447500228881836,,opposite_confirmed_first,UP,46.724,46.956,126.626,,,,,,,,,,,,,,,,,trade,DOWN,127.0,128.0,186.0,DOWN,0.04,0.97,"[[0.97,394.0]]",300.0,300.00000000000006,299.37132022752223,0.6286797724777973,308.63022703868273,0.97,0.972037,0.97,1.0,1.0000000000000002,True,8.630227038682676,2026-08-17T09:15:00+00:00,2026-08-17T09:20:00+00:00
zip:///Users/bradamanka/Downloads/Stratgey testing/polymarket-btc-5m_2026-08-17.zip::polymarket-btc-updown-5m-1786958400-2026-08-17.txt.zst,polymarket-btc-updown-5m-1786958400-2026-08-17.txt.zst,polymarket-btc-5m_2026-08-17.zip,1786958400,1786958700,True,113528,112427,104219,1028,1143,111284,0,0.0,299.982,301,DOWN,quotes+trades,0.01,0.01,1.4280507564544678,,trade,DOWN,65.218,66.07,182.503,DOWN,0.27,0.77,"[[0.77,5.0],[0.78,10.0],[0.79,5.0],[0.8,42.29],[0.81,5.0],[0.82,5.0],[0.83,5.0],[0.84,55.0],[0.85,155.0],[0.86,62.15],[0.87,138.7]]",300.0,300.0,296.67441175304725,3.325588246952731,353.51288707246806,0.839218095300245,0.8486253570113889,0.87,11.0,1.0,True,53.51288707246806,trade,DOWN,66.0,67.0,183.0,DOWN,0.19,0.8200000000000001,"[[0.82,136.08],[0.83,87.88],[0.84,47.88],[0.85,66.67],[0.86,72.15]]",300.0,300.00000000000006,296.5323925034661,3.4676074965339683,356.08871221333266,0.8327486447416891,0.8424866885987392,0.86,5.0,1.0000000000000002,True,56.0887122133326,2026-08-17T09:20:00+00:00,2026-08-17T09:25:00+00:00
