trade_no,market_start,filename,entry_side,outcome,win,entry_time,balance_before,target_stake,cash_budget,total_debit,principal,fee,shares,avg_price,effective_cost_per_share,worst_price,levels_used,fill_ratio,pnl,balance_after,peak_balance,drawdown_pct
1,1786234800,polymarket-btc-updown-5m-1786234800-2026-08-09.txt.zst,DOWN,UP,False,185.0,300.0,30.0,30.0,30.0,29.512736620411378,0.48726337958862315,38.62381379274205,0.7641072623946119,0.7767228829597718,0.77,2.0,1.0,-30.0,270.0,300.0,10.0
2,1786243200,polymarket-btc-updown-5m-1786243200-2026-08-09.txt.zst,DOWN,DOWN,True,186.0,270.0,27.0,27.0,26.999999999999996,26.868345108966064,0.1316548910339336,28.890693665554906,0.93,0.934557,0.93,1.0,0.9999999999999999,1.8906936655549096,271.8906936655549,300.0,9.36976877814836
3,1786255800,polymarket-btc-updown-5m-1786255800-2026-08-09.txt.zst,UP,UP,True,218.0,271.8906936655549,27.189069366555493,27.189069366555493,27.189069366555493,26.795180217360297,0.39388914919519635,33.91794964222822,0.79,0.801613,0.79,1.0,1.0,6.728880275672729,278.61957394122766,300.0,7.126808686257448
4,1786289100,polymarket-btc-updown-5m-1786289100-2026-08-09.txt.zst,DOWN,DOWN,True,183.0,278.61957394122766,27.86195739412277,27.86195739412277,27.86195739412277,27.412535428523505,0.44942196559926195,35.79889157503013,0.7657369885620664,0.7782910634461262,0.78,3.0,1.0,7.936934180907365,286.556508122135,300.0,4.481163959288324
5,1786295100,polymarket-btc-updown-5m-1786295100-2026-08-09.txt.zst,DOWN,DOWN,True,237.0,286.556508122135,28.655650812213505,28.655650812213505,28.65565081221351,28.201604972161704,0.45404584005180343,36.625461002807405,0.77,0.7823970000000001,0.77,1.0,1.0000000000000002,7.969810190593897,294.5263183127289,300.0,1.8245605624236987
6,1786308300,polymarket-btc-updown-5m-1786308300-2026-08-09.txt.zst,DOWN,DOWN,True,227.0,294.5263183127289,29.452631831272893,29.452631831272893,29.452631831272896,28.994216843670934,0.45841498760196264,37.461033979330296,0.7739833572044205,0.7862204723853549,0.79,4.0,1.0000000000000002,8.0084021480574,302.5347204607863,302.5347204607863,0.0
7,1786310400,polymarket-btc-updown-5m-1786310400-2026-08-09.txt.zst,UP,UP,True,219.0,302.5347204607863,30.253472046078627,30.253472046078627,30.253472046078624,29.76079973041888,0.492672315659744,38.98051913041413,0.7634787938777947,0.7761177306249284,0.77,2.0,0.9999999999999999,8.727047084335506,311.26176754512176,311.26176754512176,0.0
8,1786311000,polymarket-btc-updown-5m-1786311000-2026-08-09.txt.zst,DOWN,UP,False,252.0,311.26176754512176,31.126176754512176,31.126176754512176,31.126176754512173,30.80969400328003,0.3164827512321444,36.10952791079073,0.853228933908966,0.8619934558936904,0.86,2.0,0.9999999999999999,-31.126176754512173,280.13559079060957,311.26176754512176,10.000000000000004
9,1786320900,polymarket-btc-updown-5m-1786320900-2026-08-10.txt.zst,DOWN,DOWN,True,233.0,280.13559079060957,28.013559079060958,28.013559079060958,28.01355907906096,27.607725514005086,0.40583356505587476,34.9464879924115,0.79,0.8016130000000001,0.79,1.0,1.0000000000000002,6.932928913350537,287.0685197039601,311.26176754512176,7.772637170305385
10,1786330500,polymarket-btc-updown-5m-1786330500-2026-08-10.txt.zst,DOWN,DOWN,True,279.0,287.0685197039601,28.70685197039601,28.70685197039601,28.706851970396013,28.369257802545718,0.33759416785029417,34.179828677765926,0.83,0.839877,0.83,1.0,1.0000000000000002,5.472976707369913,292.54149641133,311.26176754512176,6.014317557031154
11,1786333200,polymarket-btc-updown-5m-1786333200-2026-08-10.txt.zst,UP,DOWN,False,190.0,292.54149641133,29.254149641133,29.254149641133,29.254149641133,28.770800197809795,0.48334944332320456,37.85631604974973,0.76,0.772768,0.76,1.0,1.0,-29.254149641133,263.287346770197,311.26176754512176,15.412885801328033
12,1786338000,polymarket-btc-updown-5m-1786338000-2026-08-10.txt.zst,UP,UP,True,212.0,263.287346770197,26.328734677019703,26.328734677019703,26.328734677019703,26.090462646932618,0.23827203008708683,30.00524442176163,0.8695300821482469,0.8774710949504714,0.87,2.0,1.0,3.676509744741928,266.9638565149389,311.26176754512176,14.231722507892405
13,1786358100,polymarket-btc-updown-5m-1786358100-2026-08-10.txt.zst,DOWN,DOWN,True,182.0,266.9638565149389,26.696385651493895,26.696385651493895,26.696385651493895,26.2600069397637,0.4363787117301956,34.43572329839442,0.7625803794569368,0.7752526473790845,0.77,2.0,1.0,7.739337646900527,274.70319416183946,311.26176754512176,11.745282329922713
14,1786359300,polymarket-btc-updown-5m-1786359300-2026-08-10.txt.zst,DOWN,DOWN,True,180.0,274.70319416183946,27.470319416183948,27.470319416183948,27.470319416183948,27.186605928088678,0.28371348809526914,31.95012317219614,0.8509077032838233,0.8597875904306173,0.86,2.0,1.0,4.479803756012192,279.18299791785165,311.26176754512176,10.306042364364535
15,1786378200,polymarket-btc-updown-5m-1786378200-2026-08-10.txt.zst,DOWN,DOWN,True,221.0,279.18299791785165,27.918299791785167,27.918299791785167,27.91829979178517,27.53284003134632,0.38545976043884844,34.4160500391829,0.8,0.8112,0.8,1.0,1.0000000000000002,6.497750247397729,285.6807481652494,311.26176754512176,8.218490687637711
16,1786382700,polymarket-btc-updown-5m-1786382700-2026-08-10.txt.zst,UP,UP,True,256.0,285.6807481652494,28.56807481652494,28.56807481652494,28.56807481652494,28.369488397740756,0.1985864187841853,31.521653775267506,0.9,0.9063,0.9,1.0,1.0,2.9535789587425647,288.63432712399197,311.26176754512176,7.269585532328389
17,1786393800,polymarket-btc-updown-5m-1786393800-2026-08-10.txt.zst,DOWN,DOWN,True,248.0,288.63432712399197,28.8634327123992,28.8634327123992,28.8634327123992,28.589325847189773,0.27410686520942695,33.13715614619514,0.8627573748652069,0.8710292634968116,0.87,2.0,1.0,4.27372343379594,292.90805055778793,311.26176754512176,5.896553608908359
18,1786404900,polymarket-btc-updown-5m-1786404900-2026-08-10.txt.zst,DOWN,DOWN,True,232.0,292.90805055778793,29.290805055778794,29.290805055778794,29.290805055778794,28.946343567327595,0.3444614884511985,34.875112731719994,0.83,0.839877,0.83,1.0,1.0,5.584307675941201,298.49235823372914,311.26176754512176,4.1024663620280695
19,1786409400,polymarket-btc-updown-5m-1786409400-2026-08-11.txt.zst,UP,UP,True,183.0,298.49235823372914,29.849235823372915,29.849235823372915,29.849235823372915,29.356054114253457,0.4931817091194581,38.62638699243876,0.76,0.772768,0.76,1.0,1.0,8.777151169065846,307.269509402795,311.26176754512176,1.2826047265017948
20,1786419000,polymarket-btc-updown-5m-1786419000-2026-08-11.txt.zst,DOWN,DOWN,True,211.0,307.269509402795,30.7269509402795,30.7269509402795,30.7269509402795,30.219267250471578,0.5076836898079226,39.7621937506205,0.76,0.772768,0.76,1.0,1.0,9.035242810340996,316.304752213136,316.304752213136,0.0
21,1786438500,polymarket-btc-updown-5m-1786438500-2026-08-11.txt.zst,DOWN,DOWN,True,198.0,316.304752213136,31.630475221313603,31.630475221313603,31.630475221313603,31.139404570921414,0.4910706503921897,40.19641611656591,0.7746811178543879,0.7868978948169939,0.78,2.0,1.0,8.56594089525231,324.8706931083883,324.8706931083883,0.0
22,1786438800,polymarket-btc-updown-5m-1786438800-2026-08-11.txt.zst,UP,UP,True,261.0,324.8706931083883,32.487069310838834,32.487069310838834,32.487069310838834,32.016427821857526,0.47064148898130564,40.52712382513611,0.79,0.801613,0.79,1.0,1.0,8.040054514297275,332.91074762268556,332.91074762268556,0.0
23,1786451100,polymarket-btc-updown-5m-1786451100-2026-08-11.txt.zst,UP,UP,True,200.0,332.91074762268556,33.29107476226856,33.29107476226856,33.29107476226856,32.76358110645464,0.5274936558139197,42.55010533305797,0.77,0.782397,0.77,1.0,1.0,9.259030570789413,342.169778193475,342.169778193475,0.0
24,1786467900,polymarket-btc-updown-5m-1786467900-2026-08-11.txt.zst,DOWN,DOWN,True,209.0,342.169778193475,34.2169778193475,34.2169778193475,34.2169778193475,33.74455406247288,0.4724237568746203,42.1806925780911,0.8,0.8112,0.8,1.0,1.0,7.963714758743599,350.1334929522186,350.1334929522186,0.0
25,1786469400,polymarket-btc-updown-5m-1786469400-2026-08-11.txt.zst,UP,DOWN,False,220.0,350.1334929522186,35.013349295221865,35.013349295221865,35.013349295221865,34.43484391740939,0.5785053778124777,45.30900515448604,0.76,0.772768,0.76,1.0,1.0,-35.013349295221865,315.12014365699673,350.1334929522186,10.000000000000004
26,1786472100,polymarket-btc-updown-5m-1786472100-2026-08-11.txt.zst,UP,UP,True,248.0,315.12014365699673,31.512014365699674,31.512014365699674,31.512014365699674,31.292963620357174,0.2190507453425002,34.769959578174635,0.9,0.9063000000000001,0.9,1.0,1.0,3.2579452124749615,318.3780888694717,350.1334929522186,9.069513406156904
27,1786472400,polymarket-btc-updown-5m-1786472400-2026-08-11.txt.zst,DOWN,DOWN,True,213.0,318.3780888694717,31.837808886947172,31.837808886947172,31.837808886947172,31.33334207946774,0.5044668074794306,40.69265205125681,0.77,0.782397,0.77,1.0,1.0,8.854843164309635,327.2329320337813,350.1334929522186,6.540522794705174
28,1786486800,polymarket-btc-updown-5m-1786486800-2026-08-11.txt.zst,UP,UP,True,198.0,327.2329320337813,32.723293203378134,32.723293203378134,32.723293203378134,32.22699744275963,0.49629576061849834,41.31666338815337,0.78,0.7920120000000002,0.78,1.0,1.0,8.593370184775239,335.8263022185565,350.1334929522186,4.086210265984046
29,1786490100,polymarket-btc-updown-5m-1786490100-2026-08-11.txt.zst,DOWN,DOWN,True,181.0,335.8263022185565,33.58263022185565,33.58263022185565,33.58263022185565,33.0404119888354,0.54221823302025,43.16027531017585,0.7655282954380391,0.7780911956772879,0.77,2.0,1.0,9.577645088320196,345.4039473068767,350.1334929522186,1.350783555570135
30,1786669800,polymarket-btc-updown-5m-1786669800-2026-08-14.txt.zst,DOWN,DOWN,True,248.0,345.4039473068767,34.54039473068767,34.54039473068767,34.54039473068767,34.30029268191427,0.2401020487733999,38.11143631323808,0.9,0.9063,0.9,1.0,1.0,3.571041582550407,348.9749888894271,350.1334929522186,0.3308749622960533
31,1786681800,polymarket-btc-updown-5m-1786681800-2026-08-14.txt.zst,DOWN,DOWN,True,188.0,348.9749888894271,34.897498888942714,34.897498888942714,34.897498888942714,34.34455160805306,0.5529472808896542,44.60331377669228,0.77,0.782397,0.77,1.0,1.0,9.705814887749568,358.68080377717666,358.68080377717666,0.0
32,1786682100,polymarket-btc-updown-5m-1786682100-2026-08-14.txt.zst,DOWN,DOWN,True,227.0,358.68080377717666,35.86808037771767,35.86808037771767,35.86808037771767,35.27545277116214,0.5926276065555239,46.41506943573966,0.76,0.772768,0.76,1.0,1.0,10.546989058021992,369.22779283519867,369.22779283519867,0.0
33,1786683000,polymarket-btc-updown-5m-1786683000-2026-08-14.txt.zst,DOWN,DOWN,True,201.0,369.22779283519867,36.922779283519866,36.922779283519866,36.922779283519866,36.327532018029586,0.5952472654902764,47.431859763674794,0.7658888392533716,0.7784383633170715,0.77,2.0,1.0,10.509080480154928,379.7368733153536,379.7368733153536,0.0
34,1786694700,polymarket-btc-updown-5m-1786694700-2026-08-14.txt.zst,DOWN,DOWN,True,243.0,379.7368733153536,37.97368733153536,37.97368733153536,37.97368733153536,37.37720328327127,0.5964840482640876,48.42215605477376,0.7719029123980198,0.7842213239860821,0.79,3.0,1.0,10.448468723238399,390.185342038592,390.185342038592,0.0
35,1786707000,polymarket-btc-updown-5m-1786707000-2026-08-14.txt.zst,DOWN,UP,False,180.0,390.185342038592,39.018534203859204,39.018534203859204,39.018534203859204,38.53043996823718,0.4880942356220225,47.04872285329781,0.8189476277258065,0.8293218569507729,0.83,3.0,1.0,-39.018534203859204,351.1668078347328,390.185342038592,9.999999999999998
36,1786730700,polymarket-btc-updown-5m-1786730700-2026-08-14.txt.zst,UP,DOWN,False,231.0,351.1668078347328,35.116680783473285,35.116680783473285,35.116680783473285,34.631835092182726,0.4848456912905581,43.289793865228404,0.8,0.8112,0.8,1.0,1.0,-35.116680783473285,316.05012705125955,390.185342038592,18.999999999999993
37,1786742400,polymarket-btc-updown-5m-1786742400-2026-08-14.txt.zst,DOWN,DOWN,True,185.0,316.05012705125955,31.605012705125958,31.605012705125958,31.60501270512596,31.104234529205748,0.5007781759202125,40.39510977818928,0.77,0.7823970000000001,0.77,1.0,1.0000000000000002,8.790097073063318,324.84022412432284,390.185342038592,16.74719956748301
38,1786743300,polymarket-btc-updown-5m-1786743300-2026-08-14.txt.zst,DOWN,UP,False,192.0,324.84022412432284,32.48402241243229,32.48402241243229,32.48402241243229,31.969316418100863,0.5147059943314239,41.51859275078034,0.77,0.782397,0.77,1.0,1.0,-32.48402241243229,292.35620171189055,390.185342038592,25.07247961073471
39,1786757700,polymarket-btc-updown-5m-1786757700-2026-08-15.txt.zst,UP,UP,True,234.0,292.35620171189055,29.235620171189055,29.235620171189055,29.235620171189055,28.812082557592447,0.42353761359660896,36.47099057923094,0.79,0.801613,0.79,1.0,1.0,7.235370408041888,299.59157211993244,390.185342038592,23.218137679220977
40,1786758300,polymarket-btc-updown-5m-1786758300-2026-08-15.txt.zst,DOWN,DOWN,True,202.0,299.59157211993244,29.959157211993244,29.959157211993244,29.959157211993247,29.464159335162517,0.49499787683073027,38.768630704161204,0.76,0.772768,0.76,1.0,1.0000000000000002,8.809473492167957,308.4010456121004,390.185342038592,20.960371294112473
41,1786759200,polymarket-btc-updown-5m-1786759200-2026-08-15.txt.zst,UP,UP,True,185.0,308.4010456121004,30.84010456121004,30.84010456121004,30.840104561210044,30.330551299380453,0.5095532618295916,39.90862013076375,0.76,0.772768,0.76,1.0,1.0000000000000002,9.068515569553707,317.4695611816541,390.185342038592,18.63621541419816
42,1786768200,polymarket-btc-updown-5m-1786768200-2026-08-15.txt.zst,DOWN,DOWN,True,222.0,317.4695611816541,31.746956118165414,31.746956118165414,31.746956118165414,31.262883471139663,0.48407264702575303,40.14719426726539,0.7787065582470932,0.7907640047476684,0.79,3.0,1.0,8.400238149099977,325.86979933075406,390.185342038592,16.483331324495705
43,1786770900,polymarket-btc-updown-5m-1786770900-2026-08-15.txt.zst,UP,UP,True,248.0,325.86979933075406,32.586979933075405,32.586979933075405,32.586979933075405,32.07064258741798,0.5163373456574294,41.6501851784649,0.7700000000000001,0.782397,0.77,1.0,1.0,9.063205245389497,334.93300457614356,390.185342038592,14.160536419377747
44,1786772400,polymarket-btc-updown-5m-1786772400-2026-08-15.txt.zst,DOWN,UP,False,190.0,334.93300457614356,33.49330045761436,33.49330045761436,33.49330045761436,32.98107982825917,0.5122206293551912,42.38599977981944,0.7781125843340827,0.7901972498372206,0.78,2.0,1.0,-33.49330045761436,301.4397041185292,390.185342038592,22.744482777439966
45,1786775700,polymarket-btc-updown-5m-1786775700-2026-08-15.txt.zst,DOWN,DOWN,True,211.0,301.4397041185292,30.143970411852923,30.143970411852923,30.143970411852923,29.814757221032085,0.329213190820837,35.399479083567165,0.8422371739044158,0.8515371184048325,0.85,2.0,1.0,5.255508671714242,306.6952127902435,390.185342038592,21.397556559182785
46,1786787100,polymarket-btc-updown-5m-1786787100-2026-08-15.txt.zst,UP,UP,True,187.0,306.6952127902435,30.66952127902435,30.66952127902435,30.66952127902435,30.162786466389015,0.5067348126353354,39.68787692945923,0.76,0.772768,0.76,1.0,1.0,9.018355650434877,315.7135684406784,390.185342038592,19.086256087638436
47,1786793400,polymarket-btc-updown-5m-1786793400-2026-08-15.txt.zst,UP,DOWN,False,187.0,315.7135684406784,31.57135684406784,31.57135684406784,31.571356844067843,31.07926122126043,0.4920956228074106,40.16571951443645,0.7737757868395675,0.7860274190462442,0.78,2.0,1.0000000000000002,-31.571356844067843,284.14221159661054,390.185342038592,27.177630478874597
48,1786796100,polymarket-btc-updown-5m-1786796100-2026-08-15.txt.zst,DOWN,DOWN,True,240.0,284.14221159661054,28.414221159661054,28.414221159661054,28.414221159661054,28.0412722388839,0.37294892077715575,34.618854615906045,0.81,0.8207730000000001,0.81,1.0,1.0,6.204633456244991,290.34684505285554,390.185342038592,25.587454532277576
49,1786799400,polymarket-btc-updown-5m-1786799400-2026-08-15.txt.zst,DOWN,UP,False,240.0,290.34684505285554,29.034684505285554,29.034684505285554,29.034684505285558,28.59433179563281,0.44035270965274526,36.65939973799078,0.78,0.792012,0.78,1.0,1.0000000000000002,-29.034684505285558,261.31216054757,390.185342038592,33.02870907904982
50,1786800300,polymarket-btc-updown-5m-1786800300-2026-08-15.txt.zst,UP,DOWN,False,261.0,261.31216054757,26.131216054757,26.131216054757,26.131216054757,25.7348667665521,0.39634928820490234,32.99418816224628,0.7799818149791397,0.7919945151024428,0.78,2.0,1.0,-26.131216054757,235.18094449281298,390.185342038592,39.72583817114484
51,1786827900,polymarket-btc-updown-5m-1786827900-2026-08-15.txt.zst,DOWN,DOWN,True,238.0,235.18094449281298,23.5180944492813,23.5180944492813,23.5180944492813,23.129518537845495,0.38857591143580433,30.433577023480915,0.76,0.772768,0.76,1.0,1.0,6.915482574199615,242.0964270670126,390.185342038592,37.95347979959032
52,1786830600,polymarket-btc-updown-5m-1786830600-2026-08-15.txt.zst,DOWN,DOWN,True,218.0,242.0964270670126,24.20964270670126,24.20964270670126,24.209642706701263,23.916127687223305,0.29351501947795744,29.00316588822085,0.8246040373453314,0.8347241401164969,0.83,3.0,1.0000000000000002,4.793523181519586,246.8899502485322,390.185342038592,36.724955130653505
53,1786830900,polymarket-btc-updown-5m-1786830900-2026-08-15.txt.zst,UP,DOWN,False,229.0,246.8899502485322,24.68899502485322,24.68899502485322,24.688995024853217,24.336832273030787,0.35216275182243095,30.67979034128848,0.7932528873992525,0.8047315431496633,0.8,2.0,0.9999999999999999,-24.688995024853217,222.20095522367896,390.185342038592,43.052459617588156
54,1786833300,polymarket-btc-updown-5m-1786833300-2026-08-15.txt.zst,DOWN,DOWN,True,240.0,222.20095522367896,22.2200955223679,22.2200955223679,22.2200955223679,22.044947109623795,0.17514841274410323,24.868142819802017,0.8864733996971351,0.8935164834534596,0.89,2.0,1.0,2.6480472974341183,224.84900252111308,390.185342038592,42.3737956566103
55,1786837200,polymarket-btc-updown-5m-1786837200-2026-08-15.txt.zst,UP,UP,True,194.0,224.84900252111308,22.48490025211131,22.48490025211131,22.48490025211131,22.113395212540627,0.37150503957068254,29.09657264807977,0.76,0.772768,0.76,1.0,1.0,6.611672395968462,231.46067491708155,390.185342038592,40.67930032743555
56,1786840800,polymarket-btc-updown-5m-1786840800-2026-08-16.txt.zst,DOWN,DOWN,True,217.0,231.46067491708155,23.146067491708155,23.146067491708155,23.146067491708152,22.80144427190153,0.3446232198066215,29.089305339876915,0.7838428592739303,0.7956899355715619,0.8,3.0,0.9999999999999999,5.9432378481687635,237.4039127652503,390.185342038592,39.156117058397996
57,1786843800,polymarket-btc-updown-5m-1786843800-2026-08-16.txt.zst,UP,UP,True,218.0,237.4039127652503,23.74039127652503,23.74039127652503,23.74039127652503,23.41718274600319,0.3232085305218424,29.169361414818752,0.8028006651563748,0.8138810767541976,0.81,2.0,1.0,5.428970138293721,242.83288290354403,390.185342038592,37.764734668191046
58,1786849200,polymarket-btc-updown-5m-1786849200-2026-08-16.txt.zst,DOWN,DOWN,True,208.0,242.83288290354403,24.283288290354406,24.283288290354406,24.283288290354406,23.914997331450074,0.3682909589043311,30.660252989038554,0.78,0.792012,0.78,1.0,1.0,6.376964698684148,249.2098476022282,390.185342038592,36.1303922130474
59,1786850700,polymarket-btc-updown-5m-1786850700-2026-08-16.txt.zst,UP,UP,True,247.0,249.2098476022282,24.920984760222822,24.920984760222822,24.920984760222822,24.526114319676037,0.3948704405467842,31.85209651905979,0.77,0.782397,0.77,1.0,1.0,6.931111758836966,256.14095936106514,390.185342038592,34.35402826184817
60,1786853100,polymarket-btc-updown-5m-1786853100-2026-08-16.txt.zst,UP,UP,True,183.0,256.14095936106514,25.614095936106516,25.614095936106516,25.614095936106516,25.225621367053886,0.38847456905262984,32.34054021417165,0.78,0.792012,0.78,1.0,1.0,6.726444278065131,262.86740363913026,390.185342038592,32.63011822388477
61,1786856400,polymarket-btc-updown-5m-1786856400-2026-08-16.txt.zst,DOWN,UP,False,214.0,262.86740363913026,26.286740363913026,26.286740363913026,26.28674036391303,25.864000597731394,0.4227397661816342,33.743191436746294,0.7664953875573705,0.7790235376280028,0.771,4.0,1.0000000000000002,-26.28674036391303,236.58066327521723,390.185342038592,39.3671064014963
62,1786859100,polymarket-btc-updown-5m-1786859100-2026-08-16.txt.zst,DOWN,DOWN,True,232.0,236.58066327521723,23.658066327521723,23.658066327521723,23.658066327521727,23.26717774146511,0.39088858605661386,30.614707554559356,0.76,0.7727680000000001,0.76,1.0,1.0000000000000002,6.956641227037629,243.53730450225487,390.185342038592,37.58419954223515
63,1786871400,polymarket-btc-updown-5m-1786871400-2026-08-16.txt.zst,DOWN,DOWN,True,213.0,243.53730450225487,24.353730450225488,24.353730450225488,24.353730450225488,24.06667644752646,0.2870540026990279,29.017854644148777,0.8293747674547443,0.8392670908611166,0.85,2.0,1.0,4.664124193923289,248.20142869617817,390.185342038592,36.388838340413784
64,1786909500,polymarket-btc-updown-5m-1786909500-2026-08-16.txt.zst,DOWN,DOWN,True,198.0,248.20142869617817,24.82014286961782,24.82014286961782,24.82014286961781,24.62888658353308,0.19125628608473158,27.702985092814536,0.8890336727619003,0.8959374878361227,0.9,3.0,0.9999999999999997,2.8828422231967252,251.0842709193749,390.185342038592,35.649999149752546
65,1786914300,polymarket-btc-updown-5m-1786914300-2026-08-16.txt.zst,DOWN,DOWN,True,218.0,251.0842709193749,25.10842709193749,25.10842709193749,25.10842709193749,24.710586646922046,0.3978404450154449,32.09167097002863,0.77,0.782397,0.77,1.0,1.0,6.983243878091141,258.067514797466,390.185342038592,33.860274338050004
66,1786915800,polymarket-btc-updown-5m-1786915800-2026-08-16.txt.zst,DOWN,DOWN,True,241.0,258.067514797466,25.8067514797466,25.8067514797466,25.8067514797466,25.50326265416207,0.3034888255845288,30.726822474894064,0.83,0.839877,0.83,1.0,1.0,4.920070995147462,262.98758579261346,390.185342038592,32.59931692498019
67,1786923300,polymarket-btc-updown-5m-1786923300-2026-08-16.txt.zst,UP,UP,True,182.0,262.98758579261346,26.298758579261346,26.298758579261346,26.298758579261342,26.152305667523212,0.14645291173812994,28.426419203829578,0.92,0.925152,0.92,1.0,0.9999999999999999,2.127660624568236,265.1152464171817,390.185342038592,32.05402206242797
68,1786936500,polymarket-btc-updown-5m-1786936500-2026-08-17.txt.zst,DOWN,DOWN,True,198.0,265.1152464171817,26.51152464171817,26.51152464171817,26.51152464171817,26.145487812345337,0.36603682937283466,32.68185976543167,0.8,0.8112,0.8,1.0,1.0,6.170335123713496,271.2855815408952,390.185342038592,30.472636382618607
69,1786944600,polymarket-btc-updown-5m-1786944600-2026-08-17.txt.zst,UP,UP,True,221.0,271.2855815408952,27.128558154089518,27.128558154089518,27.12855815408952,26.68032863305421,0.4482295210353107,35.10569556980817,0.76,0.772768,0.76,1.0,1.0000000000000002,7.977137415718648,279.2627189566138,390.185342038592,28.428188127837767
70,1786946100,polymarket-btc-updown-5m-1786946100-2026-08-17.txt.zst,DOWN,DOWN,True,193.0,279.2627189566138,27.926271895661383,27.926271895661383,27.92627189566138,27.559727519650036,0.3665443760113454,34.02435496253091,0.81,0.820773,0.81,1.0,0.9999999999999999,6.098083066869528,285.36080202348336,390.185342038592,26.86531981632995
71,1786957800,polymarket-btc-updown-5m-1786957800-2026-08-17.txt.zst,UP,UP,True,202.0,285.36080202348336,28.536080202348337,28.536080202348337,28.536080202348337,28.20049431994104,0.33558588240729853,33.97649918065186,0.83,0.839877,0.83,1.0,1.0,5.440418978303519,290.80122100178687,390.185342038592,25.471003220560597
72,1786958100,polymarket-btc-updown-5m-1786958100-2026-08-17.txt.zst,DOWN,DOWN,True,186.0,290.80122100178687,29.080122100178688,29.080122100178688,29.080122100178688,29.01918181836013,0.06094028181855633,29.91668228696921,0.97,0.9720369999999999,0.97,1.0,1.0,0.8365601867905212,291.6377811885774,390.185342038592,25.256602499503327
73,1786958400,polymarket-btc-updown-5m-1786958400-2026-08-17.txt.zst,DOWN,DOWN,True,183.0,291.6377811885774,29.16377811885774,29.16377811885774,29.163778118857735,28.800886943371257,0.362891175486478,35.12303285776983,0.82,0.830332,0.82,1.0,0.9999999999999999,5.959254738912094,297.59703592748946,390.185342038592,23.72931428622066
